,X1.x,Plot.ID,Species,Species.Group,DBH_2015,DBH_2025.x,DBH_2025.y,CrownClass_2015.x,CrownClass_2015.y,CrownClass_2025.x,CrownClass_2025.y,Establishment.Date,Age_2015,Mingling,X1906.Disturbance.Tree,X1945.Disturbance.Tree,Disturbances,Disturbance.Frequency,ModeofDeath_2015,ModeofDeath_2025,DecayClass_2015,DecayClass_2025,Standing_2025,Notes_2025,Loss from 2015 to 2025,Distance.x,Distance.y,Azimuth.x,Azimuth.y,Crew,Date,X.x,Data.Entered,QC,X1.y,TN,X.y,X.1,X.2,X.3,Plot.y,Plot.x,Tree.y,Tree.x
1,5,A1,QUAL,Quercus,16,NA,NA,OT,overtop,,NA,NA,NA,0.75,0,0,NA,NA,,P,NA,NA,,Broken below breast height,2,11.14,11.14,355,35,"Lucy, Tegan",6/16/2025,NA,EEG,KF,79,4,325,-0.988036273,-0.988036273,0.154221666,100,0,88.99327591,1.718029362
2,277,E7,LITU,L. Tulipifera,5.2,NA,NA,OT,overtop,,NA,NA,NA,0.5,0,0,NA,NA,,,NA,NA,FALLEN,CNF,2,4.17,4.17,20,10,"Emily,Lilly",6/16/2025,NA,EEG,KF,234,5,350,-0.958932825,-0.958932825,0.283633279,60,60,56.00125012,61.18275077
3,323,F4,COFL,Others (shade tolerant),5.4,NA,NA,OT,overtop,,NA,NA,NA,1,0,0,NA,NA,,,NA,NA,FALLEN,CNF,2,3.34,3.34,317,73,"Emily,Lilly",6/16/2025,NA,EEG,KF,273,4,287,-0.897940948,-0.897940948,0.440115955,50,30,47.00087723,31.46998729
4,401,G5,FRPE,F. Pennsylvanica,7.4,NA,NA,int1,int1,,NA,NA,NA,0.75,0,0,NA,NA,,,NA,NA,FALLEN,CNF,2,8.08,8.08,30,0,"Emily,Lilly",6/16/2025,NA,EEG,KF,338,7,360,0.958915723,-0.958915723,0.283691091,40,40,32.25196095,42.29222402
5,410,G6,QUAL,Quercus,5.5,NA,NA,OT,overtop,,NA,NA,NA,1,0,0,NA,NA,,,NA,NA,FALLEN,CNF,2,7.49,7.49,339,51,"Emily,Lilly",6/16/2025,NA,EEG,KF,376,3,309,0.901801375,-0.901801375,0.432150761,40,50,33.2455077,53.2368092
6,148,C4,LITU,L. Tulipifera,11.8,11.6,NA,OT,overtop,,NA,NA,NA,0.5,0,0,NA,NA,,,NA,NA,,Dead at top,1,7.63,7.63,30,0,"Lucy, Tegan",6/16/2025,NA,EEG,KF,118,1,360,0.958915723,-0.958915723,0.283691091,80,30,72.68347303,32.16456303
7,95,B5,QUAL,Quercus,10,9.8,NA,OT,overtop,OT,NA,1960,55,0.75,0,0,NA,NA,,,NA,NA,,Dead at top but sprouting,1,9.59,9.59,320,70,"Lucy, Tegan",6/16/2025,NA,EEG,KF,201,4,290,0.826845634,-0.826845634,0.562428927,90,40,82.07055037,45.39369341
8,547,I9,FAGR,Others (shade tolerant),5.2,9.7,NA,OT,overtop,OT,NA,NA,NA,1,0,0,NA,NA,,,NA,NA,,Leaned over,1,4.25,4.25,317,73,"Lilly, Tegan",6/17/2025,NA,EEG,KF,449,2,287,-0.897940948,-0.897940948,0.440115955,20,80,16.18375097,81.87049281
9,207,D2,RHCA,Others (shade tolerant),5.8,NA,NA,OT,overtop,,NA,NA,NA,1,0,0,NA,NA,,P,NA,1,,LSCM DBH but exact loc.,2,3.31,3.31,336,54,"Lucy, Tegan",6/16/2025,NA,EEG,KF,167,6,306,-0.953761713,-0.953761713,0.300563793,70,10,66.84304873,10.99486616
10,204,D2,NYSY,Others (shade intolerant),27.2,NA,NA,OT,overtop,,NA,NA,NA,1,0,0,NA,NA,,,NA,NA,FALLEN,No trace deep hole,2,10.11,10.11,312,78,"Lucy, Tegan",6/16/2025,NA,EEG,KF,166,5,282,-0.676749765,-0.676749765,0.736213119,70,10,63.15805988,17.44311463
11,249,E10,LITU,L. Tulipifera,5.2,NA,NA,OT,overtop,,NA,NA,NA,0.5,0,0,NA,NA,,,NA,NA,FALLEN,NOT FOUND,2,11.27,11.27,11,19,"Emily,Lilly",6/16/2025,NA,EEG,KF,204,2,341,0.990603233,-0.990603233,0.136767079,60,90,48.83590156,91.54136498
12,195,D10,NYSY,Others (shade intolerant),19.6,NA,NA,OT,overtop,,NA,NA,NA,1,0,0,NA,NA,,,NA,NA,,NOT HERE,2,11.89,11.89,330,60,"Lucy, Tegan",6/16/2025,NA,EEG,KF,160,5,300,-0.99975584,-0.99975584,0.022096619,70,90,58.11290306,90.2627288
13,552,J10,CATO,Carya,17.5,NA,NA,OT,overtop,,NA,1923,NA,0.75,0,0,NA,NA,,,NA,NA,FALLEN,Snap below DBH,2,6.23,6.23,10,20,"Lilly, Tegan",6/17/2025,NA,EEG,KF,459,2,340,0.65031074,-0.65031074,0.75966831,10,90,5.948564089,94.73273357
14,33,A4,QUAL,Quercus,18.6,18.3,NA,int1,int1,OT,NA,1946,69,0.75,0,0,NA,NA,,,NA,NA,,Top is broken but sprouting,1,5.27,5.27,319,71,"Lucy, Tegan",6/16/2025,NA,EEG,KF,86,5,289,-0.02652102,-0.02652102,0.999648256,100,30,99.86023422,35.26814631
15,521,I4,LITU,L. Tulipifera,84.5,90.5,NA,CD,codom,CD,NA,1819,NA,0.75,0,0,NA,NA,,,NA,NA,,Top unhealthy,1,5.29,5.29,330,60,"Lilly, Tegan",6/17/2025,NA,EEG,KF,427,1,300,-0.99975584,-0.99975584,0.022096619,20,30,14.71129161,30.11689112
16,3,A1,FRPE,F. pennsylvanica,22,25.1,NA,int2,int2,OT,NA,1927,NA,1,0,0,NA,NA,,,NA,NA,,,,9.07,9.07,328,62,"Lucy, Tegan",6/16/2025,NA,EEG,KF,5,7,298,0.436137629,-0.436137629,0.899879974,100,0,96.0442317,8.161911368
17,4,A1,QUAL,Quercus,8.9,8.5,NA,OT,overtop,OT,NA,NA,NA,1,0,0,NA,NA,,,NA,NA,,,,13.09,13.09,350,40,"Lucy, Tegan",6/16/2025,NA,EEG,KF,80,5,320,-0.428155428,-0.428155428,0.903705112,100,0,94.39544545,11.82949992
18,6,A1,QUST,Quercus,48,54.9,NA,CD,codom,CD,NA,NA,82,0.75,0,2,3,0.036585366,,,NA,NA,,,,9.2,9.2,345,45,"Lucy, Tegan",6/16/2025,NA,EEG,KF,36,6,315,0.745133265,-0.745133265,0.6669156,100,0,93.14477397,6.135623524
19,9,A10,CAGL,Carya,49.5,35.9,NA,int2,int2,int2,NA,NA,NA,1,0,0,NA,NA,,P,NA,2,,,2,2.6,2.6,12,18,"Lucy, Tegan",6/16/2025,NA,EEG,KF,7,2,342,0.420139682,-0.420139682,0.907459447,100,90,98.90763683,92.35939456
20,10,A10,COFL,Others (shade tolerant),11.3,NA,NA,int1,int1,,NA,1963,NA,0.75,0,0,NA,NA,,,NA,NA,FALLEN,,2,9.98,9.98,6,24,"Lucy, Tegan",6/16/2025,NA,EEG,KF,9,4,336,0.149847406,-0.149847406,0.988709136,100,90,98.50452289,99.86731717
21,11,A10,COFL,Others (shade tolerant),7.3,8.7,NA,OT,overtop,OT,NA,NA,NA,1,0,0,NA,NA,,,NA,NA,,,,5.49,5.49,20,10,"Lucy, Tegan",6/16/2025,NA,EEG,KF,8,3,350,-0.958932825,-0.958932825,0.283633279,100,90,94.73545879,91.5571467
22,12,A10,COFL,Others (shade tolerant),8.8,NA,NA,OT,overtop,,NA,NA,NA,0.75,0,0,NA,NA,,,NA,NA,FALLEN,,2,12.13,12.13,350,40,"Lucy, Tegan",6/16/2025,NA,EEG,KF,10,5,320,-0.428155428,-0.428155428,0.903705112,100,90,94.80647466,100.961943
23,13,A10,NYSY,Others (shade intolerant),5.1,6.8,NA,OT,overtop,OT,NA,NA,NA,1,0,0,NA,NA,,,NA,NA,,,,10.39,10.39,328,62,"Lucy, Tegan",6/16/2025,NA,EEG,KF,11,6,298,0.436137629,-0.436137629,0.899879974,100,90,95.46853003,99.34975293
24,14,A10,QUAL,Quercus,68.1,72.6,NA,D,dom,D,NA,1870,145,1,2,1,5,0.034482759,,,NA,NA,,,,5.66,5.66,304,86,"Lucy, Tegan",6/16/2025,NA,EEG,KF,14,1,274,-0.629911407,-0.629911407,0.776666994,100,90,96.43470144,94.39593519
25,15,A2,CATO,Carya,34.1,38.3,NA,CD,codom,CD,NA,1936,NA,1,0,0,NA,NA,,,NA,NA,,,,7.4,7.4,321,69,"Lucy, Tegan",6/16/2025,NA,EEG,KF,12,2,291,0.920014225,-0.920014225,0.391884964,100,10,93.19189473,12.89994873
26,17,A2,FRPE,F. pennsylvanica,9.8,12,NA,int1,int1,OT,NA,1959,NA,1,0,0,NA,NA,,,NA,NA,,,,11.23,11.23,335,55,"Lucy, Tegan",6/16/2025,NA,EEG,KF,15,7,305,-0.262403942,-0.262403942,0.964958119,100,10,97.05320373,20.83647968
27,22,A2,QURU,Quercus,11.6,NA,NA,int2,int2,,NA,NA,NA,1,0,0,NA,NA,,,NA,NA,FALLEN,,2,9.98,9.98,356,34,"Lucy, Tegan",6/16/2025,NA,EEG,KF,83,4,326,-0.663611334,-0.663611334,0.748077534,100,10,93.37715888,17.46581379
28,24,A3,FRPE,F. pennsylvanica,14.8,18.8,NA,int2,int2,int2,NA,NA,NA,1,0,0,NA,NA,,,NA,NA,,,,10.52,10.52,345,45,"Lucy, Tegan",6/16/2025,NA,EEG,KF,20,5,315,0.745133265,-0.745133265,0.6669156,100,20,92.16119806,27.01595212
29,25,A3,LITU,L. Tulipifera,8.2,10.6,NA,int1,int1,OT,NA,NA,NA,1,0,0,NA,NA,,,NA,NA,,,,9.59,9.59,30,0,"Lucy, Tegan",6/16/2025,NA,EEG,KF,18,3,360,0.958915723,-0.958915723,0.283691091,100,20,90.80399821,22.72059757
30,26,A3,LITU,L. Tulipifera,59.1,60.3,NA,int3,int3,CD,NA,NA,NA,0.75,0,0,NA,NA,,,NA,NA,,,,9.28,9.28,326,64,"Lucy, Tegan",6/16/2025,NA,EEG,KF,21,6,296,0.636761251,-0.636761251,0.771061029,100,20,94.09085559,27.15544635
31,27,A3,RHCA,Others (shade tolerant),6,10.3,NA,OT,overtop,int1,NA,NA,NA,0.75,0,0,NA,NA,,,NA,NA,,,,5.81,5.81,321,69,"Lucy, Tegan",6/16/2025,NA,EEG,KF,16,1,291,0.920014225,-0.920014225,0.391884964,100,20,94.65471735,22.27685164
32,28,A3,RHCA,Others (shade tolerant),5.2,NA,NA,int1,int1,,NA,2001,NA,0.75,0,0,NA,NA,,,NA,NA,FALLEN,,2,8.76,8.76,349,41,"Lucy, Tegan",6/16/2025,NA,EEG,KF,17,2,319,-0.991774996,-0.991774996,0.127993586,100,20,91.31205104,21.12122381
33,29,A3,VAAR,Others (shade tolerant),7.1,8,NA,int1,int1,OT,NA,NA,NA,1,0,0,NA,NA,,,NA,NA,,,,9.55,9.55,5,25,"Lucy, Tegan",6/16/2025,NA,EEG,KF,19,4,335,0.912932949,-0.912932949,0.408109582,100,20,91.28149034,23.89744651
34,30,A4,CATO,Carya,45.5,47.4,NA,CD,codom,CD,NA,NA,NA,1,0,0,NA,NA,,,NA,NA,,,,10.94,10.94,5,25,"Lucy, Tegan",6/16/2025,NA,EEG,KF,22,1,335,0.912932949,-0.912932949,0.408109582,100,30,90.01251354,34.46471882
35,31,A4,FRPE,F. pennsylvanica,10.3,11.5,NA,OT,overtop,OT,NA,1948,NA,0.5,0,0,NA,NA,,,NA,NA,,,,8.27,8.27,1,29,"Lucy, Tegan",6/16/2025,NA,EEG,KF,24,3,331,-0.905591148,-0.905591148,0.424151709,100,30,92.5107612,33.50773463
36,32,A4,FRPE,F. pennsylvanica,20,23.1,NA,int2,int2,int3,NA,1948,NA,0.5,0,0,NA,NA,,,NA,NA,,,,9.78,9.78,342,48,"Lucy, Tegan",6/16/2025,NA,EEG,KF,23,2,312,-0.831791476,-0.831791476,0.555088228,100,30,91.86507937,35.42876287
37,34,A4,QUAL,Quercus,6.5,NA,NA,OT,overtop,,NA,NA,NA,0.75,0,0,NA,NA,,,NA,NA,FALLEN,,2,10.86,10.86,335,55,"Lucy, Tegan",6/16/2025,NA,EEG,KF,85,4,305,-0.262403942,-0.262403942,0.964958119,100,30,97.15029319,40.47944517
38,35,A5,PIEC,Others (shade intolerant),39.3,22.8,NA,CD,codom,,NA,1924,NA,1,0,0,NA,NA,,P,NA,3,,,2,9.01,9.01,309,81,"Lucy, Tegan",6/16/2025,NA,EEG,KF,30,4,279,0.566082788,-0.566082788,0.824348396,100,40,94.89959408,47.42737905
39,36,A5,QUST,Quercus,36.7,39.4,NA,CD,codom,CD,NA,1899,116,1,0,1,4,0.034482759,,,NA,NA,,,,4.97,4.97,2,28,"Lucy, Tegan",6/16/2025,NA,EEG,KF,29,1,332,-0.846204342,-0.846204342,0.532858529,100,40,95.79436442,42.64830689
40,37,A5,QUST,Quercus,55,56,NA,CD,codom,CD,NA,1776,239,0.75,1,2,7,0.029288703,,,NA,NA,,,,10.13,10.13,357,33,"Lucy, Tegan",6/16/2025,NA,EEG,KF,2,3,327,0.270934805,-0.270934805,0.9625977,100,40,97.25543042,49.7511147
41,40,A5,RHCA,Others (shade tolerant),5.8,NA,NA,OT,overtop,,NA,2003,NA,1,0,0,NA,NA,,,NA,NA,FALLEN,,2,2.56,2.56,358,32,"Lucy, Tegan",6/16/2025,NA,EEG,KF,28,2,328,0.956384734,-0.956384734,0.292109979,100,40,97.55165508,40.74780155
42,42,A6,QUAL,Quercus,16.8,17.7,NA,OT,overtop,OT,NA,1950,65,0.75,0,0,NA,NA,,,NA,NA,,,,8.43,17.83,28,8,"Lucy, Tegan",6/16/2025,NA,EEG,KF,89,1,352,0.141149851,-0.141149851,0.989988242,100,50,97.48329816,67.65149036
43,43,A6,QUAL,Quercus,21.6,24,NA,int1,int1,INT3,NA,1945,70,0.25,0,0,NA,NA,,,NA,NA,,,,9.69,9.69,328,62,"Lucy, Tegan",6/16/2025,NA,EEG,KF,93,2,298,0.436137629,-0.436137629,0.899879974,100,50,95.77382637,58.71983695
44,44,A7,FRPE,F. pennsylvanica,22.2,28.5,NA,int3,int3,INT3,NA,NA,NA,1,0,0,NA,NA,,,NA,NA,,,,9.51,9.51,25,5,"Lucy, Tegan",6/16/2025,NA,EEG,KF,33,1,355,-3.01E-05,-3.01E-05,1,100,60,99.99971333,69.51
45,45,A7,QUAL,Quercus,20.5,22.8,NA,int3,int3,INT3,NA,1947,68,0.75,0,0,NA,NA,,,NA,NA,,,,8.91,8.91,337,53,"Lucy, Tegan",6/16/2025,NA,EEG,KF,106,6,307,-0.768235364,-0.768235364,0.640167498,100,60,93.1550229,65.7038924
46,46,A7,QUAL,Quercus,18.9,22.4,NA,int2,int2,INT2,NA,1948,67,0.75,0,0,NA,NA,,,NA,NA,,,,4.07,4.07,344,46,"Lucy, Tegan",6/16/2025,NA,EEG,KF,94,2,314,-0.158592906,-0.158592906,0.987344059,100,60,99.35452687,64.01849032
47,48,A7,QUVE,Quercus,32.6,36.4,NA,CD,codom,CD,NA,NA,NA,0.75,0,0,NA,NA,,,NA,NA,,,,8.82,8.82,313,77,"Lucy, Tegan",6/16/2025,NA,EEG,KF,95,5,283,0.25385252,-0.25385252,0.967242936,100,60,97.76102078,68.5310827
48,49,A7,QUVE,Quercus,31.3,39.4,NA,CD,codom,CD,NA,1948,67,0.75,0,0,3,0.044776119,,,NA,NA,,,,9.82,9.82,316,74,"Lucy, Tegan",6/16/2025,NA,EEG,KF,50,3,286,-0.114814759,-0.114814759,0.993386919,100,60,98.87251907,69.75505955
49,50,A8,FRPE,F. pennsylvanica,20.1,24.4,NA,int1,int1,OT,NA,1945,NA,0.75,0,0,NA,NA,,,NA,NA,,,,8.7,8.7,2,31,"Lucy, Tegan",6/16/2025,NA,EEG,KF,39,2,329,0.762538949,-0.762538949,0.646942309,100,70,93.36591114,75.62839809
50,51,A8,NYSY,Others (shade intolerant),7,8.4,NA,OT,overtop,OT,NA,NA,NA,1,0,0,NA,NA,,,NA,NA,,,,8.69,8.69,308,82,"Lucy, Tegan",6/16/2025,NA,EEG,KF,43,6,278,0.999521092,-0.999521092,0.030944902,100,70,91.31416171,70.2689112
51,52,A8,PIEC,Others (shade intolerant),62.2,65.4,NA,CD,codom,,NA,NA,NA,1,0,0,NA,NA,,G,NA,1,,,1,9.89,9.89,330,60,"Lucy, Tegan",6/16/2025,NA,EEG,KF,40,3,300,-0.99975584,-0.99975584,0.022096619,100,70,90.11241474,70.21853556
52,53,A8,QUAL,Quercus,39.5,44.9,NA,CD,codom,CD,NA,1949,66,0.5,0,0,2,0.03030303,,,NA,NA,,,,7.1,7.1,28,2,"Lucy, Tegan",6/16/2025,NA,EEG,KF,58,1,358,-0.141090165,-0.141090165,0.98999675,100,70,98.99825983,77.02897693
53,54,A8,QUAL,Quercus,18.6,20.6,NA,int2,int2,INT2,NA,1947,68,0.75,0,0,NA,NA,,,NA,NA,,,,8.8,8.8,320,70,"Lucy, Tegan",6/16/2025,NA,EEG,KF,116,4,290,0.826845634,-0.826845634,0.562428927,100,70,92.72375842,74.94937456
54,55,A8,QUAL,Quercus,19.8,22,NA,int1,int1,OT,NA,1948,67,0.5,0,0,NA,NA,,,NA,NA,,,,8.04,8.04,326,64,"Lucy, Tegan",6/16/2025,NA,EEG,KF,138,5,296,0.636761251,-0.636761251,0.771061029,100,70,94.88043955,76.19933067
55,58,A9,FRPE,F. pennsylvanica,13.3,17.9,NA,int1,int1,INT1,NA,1944,115,0.5,0,0,NA,NA,,,NA,NA,,,,10.39,10.39,330,60,"Lucy, Tegan",6/16/2025,NA,EEG,KF,45,2,300,-0.99975584,-0.99975584,0.022096619,100,80,89.61253682,80.22958387
56,61,A9,QUAL,Quercus,9.7,11.6,NA,OT,overtop,OT,NA,1951,64,0.75,0,0,NA,NA,,,NA,NA,,,,10.82,10.82,334,56,"Lucy, Tegan",6/16/2025,NA,EEG,KF,140,1,304,0.670206804,-0.670206804,0.7421744,100,80,92.74836238,88.03032701
57,62,B1,CAGL,Carya,36.6,37.7,NA,CD,codom,INT3,NA,1856,NA,1,0,0,NA,NA,,,NA,NA,,,,12.38,12.38,350,40,"Lucy, Tegan",6/16/2025,NA,EEG,KF,51,6,320,-0.428155428,-0.428155428,0.903705112,90,0,84.6994358,11.18786929
58,63,B1,FRPE,F. pennsylvanica,21.7,24.5,NA,int2,int2,INT2,NA,1944,NA,1,0,0,NA,NA,,,NA,NA,,,,6.51,6.51,307,83,"Lucy, Tegan",6/16/2025,NA,EEG,KF,47,2,277,0.514004314,-0.514004314,0.857787599,90,0,86.65383192,5.584197271
59,65,B1,QUAL,Quercus,14.3,15.5,NA,OT,overtop,OT,NA,1959,56,0.75,0,0,NA,NA,,,NA,NA,,,,8.95,8.95,7,23,"Lucy, Tegan",6/16/2025,NA,EEG,KF,145,4,337,-0.751007151,-0.751007151,0.66029407,90,0,83.278486,5.909631926
60,66,B1,QUAL,Quercus,10.5,NA,NA,OT,overtop,,NA,NA,NA,0.75,0,0,NA,NA,,,NA,NA,FALLEN,,2,9.41,9.41,315,75,"Lucy, Tegan",6/16/2025,NA,EEG,KF,149,5,285,0.77387159,-0.77387159,0.633342531,90,0,82.71786834,5.959753219
61,67,B1,QUST,Quercus,26.4,26.9,NA,OT,overtop,OT,NA,1918,97,0.75,0,0,NA,NA,,,NA,NA,,,,9.71,9.71,28,2,"Lucy, Tegan",6/16/2025,NA,EEG,KF,141,1,358,-0.141090165,-0.141090165,0.98999675,90,0,88.63001449,9.612868444
62,68,B1,QUST,Quercus,28.3,27.4,NA,CD,codom,,NA,1923,92,1,0,2,3,0.032608696,,P,NA,2,,,2,6.02,6.02,359,31,"Lucy, Tegan",6/16/2025,NA,EEG,KF,37,3,329,0.762538949,-0.762538949,0.646942309,90,0,85.40951553,3.894592699
63,70,B10,FRPE,F. pennsylvanica,5.9,7.2,NA,OT,overtop,OT,NA,NA,NA,1,0,0,NA,NA,,,NA,NA,,,,9.03,9.03,29,1,"Lucy, Tegan",6/16/2025,NA,EEG,KF,52,1,359,0.756822199,-0.756822199,0.653620807,90,90,83.16589555,95.90219589
64,71,B10,FRPE,F. pennsylvanica,14.9,16.8,NA,int2,int2,OT,NA,1949,NA,0.75,0,0,NA,NA,,,NA,NA,,,,7.76,7.76,335,55,"Lucy, Tegan",6/16/2025,NA,EEG,KF,55,4,305,-0.262403942,-0.262403942,0.964958119,90,90,87.96374541,97.488075
65,72,B10,LIST,Others (shade intolerant),28.2,38,NA,CD,codom,CD,NA,1955,NA,1,0,0,NA,NA,,,NA,NA,,,,7.05,7.05,347,43,"Lucy, Tegan",6/16/2025,NA,EEG,KF,54,3,317,0.296339788,-0.296339788,0.955082577,90,90,87.91080449,96.73333217
66,74,B10,QUAL,Quercus,54.1,57.3,NA,D,dom,D,NA,NA,165,1,2,1,5,0.03030303,,,NA,NA,,,,11.15,11.15,5,25,"Lucy, Tegan",6/16/2025,NA,EEG,KF,25,6,335,0.912932949,-0.912932949,0.408109582,90,90,79.82079762,94.55042184
67,75,B10,QUAL,Quercus,25.6,22.3,NA,OT,overtop,OT,NA,NA,NA,1,0,0,NA,NA,,,NA,NA,,,,11.92,11.92,350,40,"Lucy, Tegan",6/16/2025,NA,EEG,KF,152,5,320,-0.428155428,-0.428155428,0.903705112,90,90,84.8963873,100
68,76,B2,FRPE,F. pennsylvanica,6.5,NA,NA,OT,overtop,,NA,NA,NA,1,0,0,NA,NA,,,NA,NA,FALLEN,,2,10.07,10.07,340,50,"Lucy, Tegan",6/16/2025,NA,EEG,KF,60,3,310,0.850887689,-0.850887689,0.525347639,90,10,81.43156098,15.29025072
69,77,B2,QUAL,Quercus,45.5,53.7,NA,CD,codom,CD,NA,1947,68,1,0,0,1,0.014705882,,,NA,NA,,,,10.36,10.36,327,63,"Lucy, Tegan",6/16/2025,NA,EEG,KF,61,2,297,0.992869055,-0.992869055,0.119210065,90,10,79.71387659,11.23501627
70,78,B2,QUAL,Quercus,13.6,13.7,NA,OT,overtop,,NA,1953,62,0.25,0,0,NA,NA,,G,NA,1,,,1,11.7,11.7,354,36,"Lucy, Tegan",6/16/2025,NA,EEG,KF,169,4,324,-0.404065219,-0.404065219,0.914730178,90,10,85.27243693,20.70234308
71,79,B2,QUST,Quercus,28.6,29.2,NA,int2,int2,,NA,1877,138,0.75,0,0,NA,NA,,G,NA,1,,,1,5.91,5.91,26,4,"Lucy, Tegan",6/16/2025,NA,EEG,KF,158,1,356,-0.841487271,-0.841487271,0.54027694,90,10,85.02681023,13.19303672
72,80,B3,CATO,Carya,43.4,46.9,NA,CD,codom,CD,NA,NA,NA,1,0,0,NA,NA,,,NA,NA,,,,9.22,9.22,334,56,"Lucy, Tegan",6/16/2025,NA,EEG,KF,66,5,304,0.670206804,-0.670206804,0.7421744,90,20,83.82069327,26.84284797
73,81,B3,FRPE,F. pennsylvanica,11,NA,NA,int1,int1,,NA,NA,NA,1,0,0,NA,NA,,,NA,NA,FALLEN,,2,9.13,9.13,312,78,"Lucy, Tegan",6/16/2025,NA,EEG,KF,65,4,282,-0.676749765,-0.676749765,0.736213119,90,20,83.82127465,26.72162577
74,82,B3,QUAL,Quercus,25,28.1,NA,int2,int2,INT2,NA,1941,74,0.5,0,0,NA,NA,,,NA,NA,,,,6,6,24,6,"Lucy, Tegan",6/16/2025,NA,EEG,KF,173,1,354,0.841454697,-0.841454697,0.540327671,90,20,84.95127182,23.24196603
75,83,B3,QUAL,Quercus,35.5,43.3,NA,CD,codom,CD,NA,1951,64,0.5,0,0,0,0,,,NA,NA,,,,6.22,6.22,323,67,"Lucy, Tegan",6/16/2025,NA,EEG,KF,71,3,293,-0.739200999,-0.739200999,0.67348488,90,20,85.40216979,24.18907595
76,84,B3,QUAL,Quercus,16.1,17,NA,int2,int2,,NA,1949,66,0.5,0,0,NA,NA,,P,NA,1,,,2,1.74,1.74,355,35,"Lucy, Tegan",6/16/2025,NA,EEG,KF,186,2,325,-0.988036273,-0.988036273,0.154221666,90,20,88.28081688,20.2683457
77,85,B4,FRPE,F. pennsylvanica,15.1,17.9,NA,int2,int2,OT,NA,NA,NA,0.5,0,0,NA,NA,,,NA,NA,,,,9.4,9.4,319,71,"Lucy, Tegan",6/16/2025,NA,EEG,KF,69,5,289,-0.02652102,-0.02652102,0.999648256,90,30,89.75070241,39.39669361
78,87,B4,QUAL,Quercus,19.7,22,NA,OT,overtop,OT,NA,1948,67,1,0,0,NA,NA,,,NA,NA,,,,4.44,4.44,306,85,"Lucy, Tegan",6/16/2025,NA,EEG,KF,190,6,275,-0.993885326,-0.993885326,0.110417204,90,30,85.58714915,30.49025239
79,89,B4,QUVE,Quercus,14.1,16,NA,int2,int2,OT,NA,1947,68,1,0,0,NA,NA,,,NA,NA,,,,12.96,12.96,345,45,"Lucy, Tegan",6/16/2025,NA,EEG,KF,189,4,315,0.745133265,-0.745133265,0.6669156,90,30,80.34307289,38.64322618
80,90,B4,RHCA,Others (shade tolerant),7.2,NA,NA,OT,overtop,,NA,NA,NA,1,0,0,NA,NA,,,NA,NA,FALLEN,,2,3.93,3.93,22,8,"Lucy, Tegan",6/16/2025,NA,EEG,KF,67,2,352,0.141149851,-0.141149851,0.989988242,90,30,89.44528109,33.89065379
81,92,B5,FRPE,F. pennsylvanica,22.1,24.1,NA,int2,int2,INT2,NA,1944,NA,0.75,0,0,NA,NA,,,NA,NA,,,,8.93,8.93,315,75,"Lucy, Tegan",6/16/2025,NA,EEG,KF,73,3,285,0.77387159,-0.77387159,0.633342531,90,40,83.0893267,45.6557488
82,93,B5,FRPE,F. pennsylvanica,12.3,13,NA,OT,overtop,OT,NA,NA,NA,0.75,0,0,NA,NA,,,NA,NA,,,,10.57,10.57,320,70,"Lucy, Tegan",6/16/2025,NA,EEG,KF,75,5,290,0.826845634,-0.826845634,0.562428927,90,40,81.26024165,45.94487376
83,94,B5,NYSY,Others (shade intolerant),53.4,57.3,NA,CD,codom,CD,NA,NA,NA,1,0,0,NA,NA,,,NA,NA,,,,7.83,7.83,17,13,"Lucy, Tegan",6/16/2025,NA,EEG,KF,72,2,347,0.989362632,-0.989362632,0.14547021,90,40,82.25329059,41.13903175
84,96,B5,QUAL,Quercus,21.5,23.4,NA,int2,int2,OT,NA,1953,62,0.75,0,0,NA,NA,,,NA,NA,,,,6.78,6.78,345,45,"Lucy, Tegan",6/16/2025,NA,EEG,KF,197,1,315,0.745133265,-0.745133265,0.6669156,90,40,84.94799647,44.52168777
85,97,B6,Crataegus spp.,Others (shade tolerant),5.3,6.2,NA,OT,overtop,OT,NA,NA,NA,1,0,0,NA,NA,,,NA,NA,,,,7.21,7.21,18,12,"Lucy, Tegan",6/16/2025,NA,EEG,KF,77,2,348,0.656963873,-0.656963873,0.753922058,90,50,85.26329048,55.43577804
86,98,B6,QUAL,Quercus,17.4,19.7,NA,int2,int2,INT3,NA,1947,68,0.75,0,0,NA,NA,,,NA,NA,,,,10.49,10.49,320,70,"Lucy, Tegan",6/16/2025,NA,EEG,KF,225,4,290,0.826845634,-0.826845634,0.562428927,90,50,81.3263893,55.89987944
87,99,B6,QUAL,Quercus,24,26.6,NA,int2,int2,INT3,NA,1951,64,0.5,0,0,NA,NA,,,NA,NA,,,,6.62,6.62,335,55,"Lucy, Tegan",6/16/2025,NA,EEG,KF,226,5,305,-0.262403942,-0.262403942,0.964958119,90,50,88.2628859,56.38802275
88,100,B6,QUAL,Quercus,11.6,12,NA,OT,overtop,OT,NA,1957,58,0.75,0,0,NA,NA,,,NA,NA,,,,13.4,13.4,345,45,"Lucy, Tegan",6/16/2025,NA,EEG,KF,208,3,315,0.745133265,-0.745133265,0.6669156,90,50,80.01521425,58.93666905
89,101,B6,QUAL,Quercus,6.1,6.9,NA,OT,overtop,OT,NA,1973,42,0.5,0,0,NA,NA,,,NA,NA,,,,3.4,3.4,350,40,"Lucy, Tegan",6/16/2025,NA,EEG,KF,207,1,320,-0.428155428,-0.428155428,0.903705112,90,50,88.54427154,53.07259738
90,102,B7,CATO,Carya,13.2,14.4,NA,OT,overtop,OT,NA,NA,NA,1,0,0,NA,NA,,,NA,NA,,,,0.92,0.92,10,20,"Lucy, Tegan",6/16/2025,NA,EEG,KF,84,7,340,0.65031074,-0.65031074,0.75966831,90,60,89.40171412,60.69889485
91,103,B7,COFL,Others (shade tolerant),13.1,NA,NA,int1,int1,,NA,1956,NA,1,0,0,NA,NA,,,NA,NA,FALLEN,,2,8.37,8.37,3,27,"Lucy, Tegan",6/16/2025,NA,EEG,KF,82,4,333,-0.008821166,-0.008821166,0.999961093,90,60,89.92616684,68.36967435
92,104,B7,FRPE,F. pennsylvanica,21.9,27.4,NA,int3,int3,INT3,NA,1944,NA,0.5,0,0,NA,NA,,,NA,NA,,,,13.7,13.7,344,46,"Lucy, Tegan",6/16/2025,NA,EEG,KF,81,1,314,-0.158592906,-0.158592906,0.987344059,90,60,87.82727719,73.5266136
93,107,B7,QUAL,Quercus,14.4,14.2,NA,OT,overtop,OT,NA,1951,64,1,0,0,NA,NA,,,NA,NA,,,,9.77,9.77,338,52,"Lucy, Tegan",6/16/2025,NA,EEG,KF,230,5,308,0.123603036,-0.123603036,0.992331744,90,60,88.79239834,69.69508114
94,109,B8,FRPE,F. pennsylvanica,20.6,21.3,NA,OT,overtop,OT,NA,1947,NA,0.5,0,0,NA,NA,,,NA,NA,,,,6.78,6.78,2,28,"Lucy, Tegan",6/16/2025,NA,EEG,KF,90,6,332,-0.846204342,-0.846204342,0.532858529,90,70,84.26273456,73.61278083
95,110,B8,FRPE,F. pennsylvanica,16.6,20.8,NA,int2,int2,OT,NA,NA,NA,0.5,0,0,NA,NA,,,NA,NA,,,,6.12,6.12,320,70,"Lucy, Tegan",6/16/2025,NA,EEG,KF,88,4,290,0.826845634,-0.826845634,0.562428927,90,70,84.93970472,73.44206503
96,111,B8,FRPE,F. pennsylvanica,11,11.4,NA,int1,int1,INT1,NA,1953,NA,0.25,0,0,NA,NA,,,NA,NA,,,,9.48,9.48,350,40,"Lucy, Tegan",6/16/2025,NA,EEG,KF,87,3,320,-0.428155428,-0.428155428,0.903705112,90,70,85.94108654,78.56712446
97,112,B8,QUAL,Quercus,12,NA,NA,OT,overtop,,NA,1954,61,0.75,0,0,NA,NA,,,NA,NA,FALLEN,,2,9.54,9.54,27,3,"Lucy, Tegan",6/16/2025,NA,EEG,KF,236,1,357,-0.909284882,-0.909284882,0.416174247,90,70,81.32542223,73.97030231
98,113,B8,QUAL,Quercus,43,47.4,NA,CD,codom,CD,NA,1950,65,0.75,0,0,0,0,,,NA,NA,,,,7.27,7.27,346,44,"Lucy, Tegan",6/16/2025,NA,EEG,KF,74,5,316,0.963787348,-0.963787348,0.266671985,90,70,82.99326598,71.93870533
99,114,B8,QUCO,Quercus,36.6,35.3,NA,CD,codom,,NA,1946,69,1,0,0,1,0.014492754,,P,NA,1,,,2,12.05,12.05,355,35,"Lucy, Tegan",6/16/2025,NA,EEG,KF,62,2,325,-0.988036273,-0.988036273,0.154221666,90,70,78.0941629,71.85837108
100,115,B9,CAGL,Carya,31.5,34.5,NA,CD,codom,CD,NA,NA,NA,1,0,0,NA,NA,,,NA,NA,,,,4.11,2.92,316,74,"Lucy, Tegan",6/16/2025,NA,EEG,KF,96,6,286,-0.114814759,-0.114814759,0.993386919,90,80,89.6647409,82.9006898
101,116,B9,COFL,Others (shade tolerant),9,NA,NA,OT,overtop,,NA,1958,NA,1,0,0,NA,NA,,,NA,NA,FALLEN,,2,7.4,7.4,10,20,"Lucy, Tegan",6/16/2025,NA,EEG,KF,92,2,340,0.65031074,-0.65031074,0.75966831,90,80,85.18770052,85.62154549
102,117,B9,FRPE,F. pennsylvanica,10.5,12.6,NA,OT,overtop,INT2,NA,NA,NA,1,0,0,NA,NA,,,NA,NA,,,,10.72,10.72,7,23,"Lucy, Tegan",6/16/2025,NA,EEG,KF,91,1,337,-0.751007151,-0.751007151,0.66029407,90,80,81.94920334,87.07835243
103,119,B9,FRPE,F. pennsylvanica,12.1,14.8,NA,int2,int2,INT2,NA,NA,NA,0.5,0,0,NA,NA,,,NA,NA,,,,8.74,8.74,327,63,"Lucy, Tegan",6/16/2025,NA,EEG,KF,97,7,297,0.992869055,-0.992869055,0.119210065,90,80,81.32232446,81.04189597
104,122,B9,QUCO,Quercus,28.5,34.8,NA,CD,codom,CD,NA,1948,67,1,0,0,1,0.014925373,,,NA,NA,,,,6.91,6.91,26,4,"Lucy, Tegan",6/16/2025,NA,EEG,KF,64,4,356,-0.841487271,-0.841487271,0.54027694,90,80,84.18532295,83.73331366
105,123,B9,QURU,Quercus,25.6,29.9,NA,CD,codom,CD,NA,1947,68,0.75,0,0,1,0.014705882,,,NA,NA,,,,6.34,6.34,18,12,"Lucy, Tegan",6/16/2025,NA,EEG,KF,63,3,348,0.656963873,-0.656963873,0.753922058,90,80,85.83484905,84.77986585
106,124,B9,QURU,Quercus,12.4,NA,NA,int2,int2,,NA,1952,63,1,0,0,NA,NA,,,NA,NA,FALLEN,,2,3.7,3.7,30,0,"Lucy, Tegan",6/16/2025,NA,EEG,KF,245,5,360,0.958915723,-0.958915723,0.283691091,90,80,86.45201182,81.04965704
107,126,C1,CAGL,Carya,57.4,62.5,NA,D,dom,D,NA,NA,NA,1,0,0,NA,NA,,,NA,NA,,,,5.77,5.77,332,58,"Lucy, Tegan",6/16/2025,NA,EEG,KF,98,1,302,0.395952831,-0.395952831,0.918270851,80,0,77.71535216,5.29842281
108,127,C1,FRPE,F. pennsylvanica,8.5,9.7,NA,OT,overtop,OT,NA,NA,NA,1,0,0,NA,NA,,,NA,NA,,,,10.36,10.36,347,43,"Lucy, Tegan",6/16/2025,NA,EEG,KF,102,5,317,0.296339788,-0.296339788,0.955082577,80,0,76.92991979,9.894655502
109,128,C1,NYSY,Others (shade intolerant),22.9,22,NA,OT,overtop,,NA,1869,NA,1,0,0,NA,NA,,P,NA,3,,,2,7.72,7.72,326,64,"Lucy, Tegan",6/16/2025,NA,EEG,KF,99,2,296,0.636761251,-0.636761251,0.771061029,80,0,75.08420315,5.952591141
110,129,C1,RHCA,Others (shade tolerant),5.7,NA,NA,OT,overtop,,NA,1998,NA,0.75,0,0,NA,NA,,,NA,NA,FALLEN,,2,10.96,10.96,16,14,"Lucy, Tegan",6/16/2025,NA,EEG,KF,101,4,346,0.41214595,-0.41214595,0.911117838,80,0,75.48288038,9.985851509
111,130,C1,RHCA,Others (shade tolerant),6.3,NA,NA,OT,overtop,,NA,NA,NA,0.75,0,0,NA,NA,,,NA,NA,FALLEN,,2,3.54,3.54,28,2,"Lucy, Tegan",6/16/2025,NA,EEG,KF,103,6,358,-0.141090165,-0.141090165,0.98999675,80,0,79.50054081,3.504588495
112,131,C1,RHCA,Others (shade tolerant),6.1,NA,NA,OT,overtop,,NA,NA,NA,0.75,0,0,NA,NA,,,NA,NA,FALLEN,,2,7.1,7.1,356,34,"Lucy, Tegan",6/16/2025,NA,EEG,KF,100,3,326,-0.663611334,-0.663611334,0.748077534,80,0,75.28835953,5.311350493
113,132,C10,Crataegus spp.,Others (shade tolerant),6.4,7.5,NA,OT,overtop,OT,NA,1975,NA,1,0,0,NA,NA,,,NA,NA,,,,8.69,8.69,340,50,"Lucy, Tegan",6/16/2025,NA,EEG,KF,105,2,310,0.850887689,-0.850887689,0.525347639,80,90,72.60578599,94.56527098
114,133,C10,FRPE,F. pennsylvanica,12,13.2,NA,OT,overtop,,NA,NA,NA,0.75,0,0,NA,NA,,,NA,NA,,,,11.88,11.88,0,30,"Lucy, Tegan",6/16/2025,NA,EEG,KF,107,4,330,-0.132381629,-0.132381629,0.991198822,80,90,78.42730625,101.775442
115,134,C10,LITU,L. Tulipifera,33.8,41,NA,CD,codom,CD,NA,1958,NA,1,0,0,NA,NA,,,NA,NA,,,,8.14,8.14,29,1,"Lucy, Tegan",6/16/2025,NA,EEG,KF,104,1,359,0.756822199,-0.756822199,0.653620807,80,90,73.8394673,95.32047337
116,135,C10,QUAL,Quercus,8.2,NA,NA,OT,overtop,,NA,NA,NA,1,0,0,NA,NA,,,NA,NA,FALLEN,,2,11.22,11.22,340,50,"Lucy, Tegan",6/16/2025,NA,EEG,KF,246,3,310,0.850887689,-0.850887689,0.525347639,80,90,70.45304013,95.8944005
117,136,C2,LITU,L. Tulipifera,17.4,16.9,NA,int2,int2,OT,NA,NA,NA,1,0,0,NA,NA,,,NA,NA,,,,9.17,9.17,28,2,"Lucy, Tegan",6/16/2025,NA,EEG,KF,108,1,358,-0.141090165,-0.141090165,0.98999675,80,10,78.70620318,19.0782702
118,137,C2,LITU,L. Tulipifera,53.2,53.7,NA,CD,codom,CD,NA,NA,NA,0.5,0,0,NA,NA,,,NA,NA,,,,9.1,9.1,34,56,"Lucy, Tegan",6/16/2025,NA,EEG,KF,110,3,304,0.670206804,-0.670206804,0.7421744,80,10,73.90111809,16.75378704
119,138,C2,RHCA,Others (shade tolerant),6.2,NA,NA,OT,overtop,,NA,1995,NA,0.75,0,0,NA,NA,,,NA,NA,FALLEN,,2,4.52,4.52,30,0,"Lucy, Tegan",6/16/2025,NA,EEG,KF,109,2,360,0.958915723,-0.958915723,0.283691091,80,10,75.66570093,11.28228373
120,139,C3,LITU,L. Tulipifera,11.8,12.4,NA,OT,overtop,OT,NA,1971,NA,1,0,0,NA,NA,,,NA,NA,,,,6.53,6.53,13,17,"Lucy, Tegan",6/16/2025,NA,EEG,KF,114,4,343,-0.536598355,-0.536598355,0.843837784,80,20,76.49601274,25.51026073
121,140,C3,QUAL,Quercus,18,18.7,NA,OT,overtop,OT,NA,1948,67,1,0,0,NA,NA,,,NA,NA,,,,3.29,3.29,339,51,"Lucy, Tegan",6/16/2025,NA,EEG,KF,254,6,309,0.901801375,-0.901801375,0.432150761,80,20,77.03307348,21.421776
122,141,C3,RHCA,Others (shade tolerant),7.2,NA,NA,OT,overtop,,NA,NA,NA,0.5,0,0,NA,NA,,,NA,NA,FALLEN,,2,9.95,9.95,20,10,"Lucy, Tegan",6/16/2025,NA,EEG,KF,113,3,350,-0.958932825,-0.958932825,0.283633279,80,20,70.45861839,22.82215113
123,142,C3,RHCA,Others (shade tolerant),6.3,NA,NA,OT,overtop,,NA,NA,NA,0.5,0,0,NA,NA,,,NA,NA,FALLEN,,2,5.08,5.08,30,0,"Lucy, Tegan",6/16/2025,NA,EEG,KF,111,1,360,0.958915723,-0.958915723,0.283691091,80,20,75.12870813,21.44115074
124,143,C3,RHCA,Others (shade tolerant),6.7,8.2,NA,OT,overtop,OT,NA,NA,NA,0.5,0,0,NA,NA,,,NA,NA,,,,7.24,7.24,337,53,"Lucy, Tegan",6/16/2025,NA,EEG,KF,117,7,307,-0.768235364,-0.768235364,0.640167498,80,20,74.43797596,24.63481268
125,144,C3,RHCA,Others (shade tolerant),5,6.4,NA,OT,overtop,OT,NA,NA,NA,1,0,0,NA,NA,,,NA,NA,,,,5.7,5.7,338,52,"Lucy, Tegan",6/16/2025,NA,EEG,KF,112,2,308,0.123603036,-0.123603036,0.992331744,80,20,79.29546269,25.65629094
126,145,C3,RHCA,Others (shade tolerant),5.4,NA,NA,OT,overtop,,NA,NA,NA,0.5,0,0,NA,NA,,,NA,NA,FALLEN,,2,2.99,2.99,358,32,"Lucy, Tegan",6/16/2025,NA,EEG,KF,115,5,328,0.956384734,-0.956384734,0.292109979,80,20,77.14040964,20.87340884
127,146,C4,FRPE,F. pennsylvanica,19.1,19.9,NA,int2,int2,OT,NA,1947,NA,1,0,0,NA,NA,,,NA,NA,,,,5.31,5.31,15,15,"Lucy, Tegan",6/16/2025,NA,EEG,KF,120,3,345,-0.543995817,-0.543995817,0.839087928,80,30,77.11138221,34.4555569
128,147,C4,LITU,L. Tulipifera,16.8,14.6,NA,int2,int2,,NA,NA,NA,0.25,0,0,NA,NA,,P,NA,3,,,2,8.48,8.48,14,16,"Lucy, Tegan",6/16/2025,NA,EEG,KF,122,5,344,-0.99999034,-0.99999034,0.004395554,80,30,71.52008192,30.0372743
129,149,C4,LITU,L. Tulipifera,47.8,58.8,NA,CD,codom,CD,NA,1944,NA,0.75,0,0,NA,NA,,,NA,NA,,,,9.06,9.06,325,65,"Lucy, Tegan",6/16/2025,NA,EEG,KF,123,6,295,-0.304781911,-0.304781911,0.952422168,80,30,77.23867589,38.62894484
130,150,C4,LITU,L. Tulipifera,47.6,57.2,NA,CD,codom,CD,NA,1955,NA,0.75,0,0,NA,NA,,,NA,NA,,,,3.64,3.64,350,40,"Lucy, Tegan",6/16/2025,NA,EEG,KF,121,4,320,-0.428155428,-0.428155428,0.903705112,80,30,78.44151424,33.28948661
131,151,C4,RHCA,Others (shade tolerant),9,NA,NA,OT,overtop,,NA,NA,NA,1,0,0,NA,NA,,,NA,NA,FALLEN,,2,3.83,3.83,21,9,"Lucy, Tegan",6/16/2025,NA,EEG,KF,119,2,351,-0.756782791,-0.756782791,0.653666434,80,30,77.10152191,32.50354244
132,152,C5,COFL,Others (shade tolerant),11.1,NA,NA,OT,overtop,,NA,NA,NA,1,0,0,NA,NA,,UR,NA,1,,,2,1.2,1.2,306,84,"Lucy, Tegan",6/16/2025,NA,EEG,KF,125,2,276,-0.44408566,-0.44408566,0.895984334,80,40,79.46709721,41.0751812
133,153,C5,NYSY,Others (shade intolerant),48.6,50.6,NA,CD,codom,CD,NA,NA,NA,1,0,0,NA,NA,,,NA,NA,,,,9.38,9.38,307,83,"Lucy, Tegan",6/16/2025,NA,EEG,KF,124,1,277,0.514004314,-0.514004314,0.857787599,80,40,75.17863954,48.04604768
134,154,C5,RHCA,Others (shade tolerant),7.1,10.1,NA,OT,overtop,INT2,NA,2000,NA,0.75,0,0,NA,NA,,,NA,NA,,,,6.36,6.36,3,27,"Lucy, Tegan",6/16/2025,NA,EEG,KF,126,3,333,-0.008821166,-0.008821166,0.999961093,80,40,79.94389738,46.35975255
135,157,C5,RHCA,Others (shade tolerant),6.2,8.9,NA,OT,overtop,OT,NA,NA,NA,0.75,0,0,NA,NA,,,NA,NA,,,,5.94,5.94,335,55,"Lucy, Tegan",6/16/2025,NA,EEG,KF,127,4,305,-0.262403942,-0.262403942,0.964958119,80,40,78.44132059,45.73185123
136,158,C6,CAGL,Carya,26,30.1,NA,OT,overtop,OT,NA,1870,NA,0.75,0,0,NA,NA,,,NA,NA,,,,10.1,10.1,29,1,"Lucy, Tegan",6/16/2025,NA,EEG,KF,132,5,359,0.756822199,-0.756822199,0.653620807,80,50,72.35609579,56.60157015
137,159,C6,CAGL,Carya,33.6,36.4,NA,int2,int2,INT3,NA,1912,NA,0.75,0,0,NA,NA,,,NA,NA,,,,8.87,8.87,334,56,"Lucy, Tegan",6/16/2025,NA,EEG,KF,129,2,304,0.670206804,-0.670206804,0.7421744,80,50,74.05526565,56.58308693
138,160,C6,FRPE,F. pennsylvanica,5.9,7.5,NA,OT,overtop,OT,NA,NA,NA,1,0,0,NA,NA,,,NA,NA,,,,10.76,10.76,335,55,"Lucy, Tegan",6/16/2025,NA,EEG,KF,128,1,305,-0.262403942,-0.262403942,0.964958119,80,50,77.17653359,60.38294936
139,161,C6,LITU,L. Tulipifera,40.8,47,NA,CD,codom,CD,NA,1954,NA,1,0,0,NA,NA,,,NA,NA,,,,2.92,2.92,8,22,"Lucy, Tegan",6/16/2025,NA,EEG,KF,130,3,338,-0.961389197,-0.961389197,0.275192319,80,50,77.19274355,50.80356157
140,162,C6,RHCA,Others (shade tolerant),6.1,8.4,NA,OT,overtop,OT,NA,1998,NA,0.75,0,0,NA,NA,,,NA,NA,,,,3.33,3.33,29,1,"Lucy, Tegan",6/16/2025,NA,EEG,KF,131,4,359,0.756822199,-0.756822199,0.653620807,80,50,77.47978208,52.17655729
141,164,C7,FRPE,F. pennsylvanica,8.3,9.3,NA,int1,int1,INT1,NA,NA,NA,1,0,0,NA,NA,,,NA,NA,,,,8.82,8.82,358,32,"Lucy, Tegan",6/16/2025,NA,EEG,KF,133,2,328,0.956384734,-0.956384734,0.292109979,80,60,71.56468664,62.57641002
142,165,C7,OXAR,Others (shade tolerant),19.3,20.1,NA,OT,overtop,OT,NA,NA,NA,0.5,0,0,NA,NA,,,NA,NA,,,,6.44,6.44,30,0,"Lucy, Tegan",6/16/2025,NA,EEG,KF,134,3,360,0.958915723,-0.958915723,0.283691091,80,60,73.82458274,61.82697063
143,166,C7,OXAR,Others (shade tolerant),16.1,16.8,NA,OT,overtop,OT,NA,1962,NA,0.5,0,0,NA,NA,,,NA,NA,,,,5.99,5.99,342,48,"Lucy, Tegan",6/16/2025,NA,EEG,KF,136,5,312,-0.831791476,-0.831791476,0.555088228,80,60,75.01756906,63.32497849
144,167,C7,OXAR,Others (shade tolerant),13.2,13.7,NA,OT,overtop,OT,NA,NA,NA,0.5,0,0,NA,NA,,,NA,NA,,,,4.78,4.78,343,47,"Lucy, Tegan",6/16/2025,NA,EEG,KF,137,6,313,-0.91650949,-0.91650949,0.400012943,80,60,75.61908464,61.91206187
145,168,C7,PIEC,Others (shade intolerant),48.5,49.8,NA,D,dom,,NA,1937,NA,1,0,0,NA,NA,,G,NA,1,,,1,5.57,5.57,348,42,"Lucy, Tegan",6/16/2025,NA,EEG,KF,135,4,318,-0.643561206,-0.643561206,0.765394653,80,60,76.41536408,64.26324821
146,170,C7,QUAL,Quercus,25.7,29.2,NA,int2,int2,INT3,NA,1949,66,0.75,0,0,NA,NA,,,NA,NA,,,,9.45,9.45,307,83,"Lucy, Tegan",6/16/2025,NA,EEG,KF,266,7,277,0.514004314,-0.514004314,0.857787599,80,60,75.14265924,68.10609281
147,172,C8,FRPE,F. pennsylvanica,13.8,15.6,NA,int2,int2,OT,NA,1955,NA,1,0,0,NA,NA,,,NA,NA,,,,6.4,6.4,22,8,"Lucy, Tegan",6/16/2025,NA,EEG,KF,139,2,352,0.141149851,-0.141149851,0.989988242,80,70,79.09664096,76.33592475
148,173,C8,LITU,L. Tulipifera,37,43.5,NA,CD,codom,CD,NA,1947,NA,0.75,0,0,NA,NA,,,NA,NA,,,,6.91,6.91,348,42,"Lucy, Tegan",6/16/2025,NA,EEG,KF,143,6,318,-0.643561206,-0.643561206,0.765394653,80,70,75.55299207,75.28887705
149,174,C8,LITU,L. Tulipifera,35.9,41.8,NA,CD,codom,CD,NA,1945,NA,0.75,0,0,NA,NA,,,NA,NA,,,,6.39,6.39,350,40,"Lucy, Tegan",6/16/2025,NA,EEG,KF,142,5,320,-0.428155428,-0.428155428,0.903705112,80,70,77.26408681,75.77467567
150,175,C8,QUAL,Quercus,8.7,10.8,NA,OT,overtop,OT,NA,1953,62,0.75,0,0,NA,NA,,,NA,NA,,,,5.13,5.13,320,70,"Lucy, Tegan",6/16/2025,NA,EEG,KF,276,4,290,0.826845634,-0.826845634,0.562428927,80,70,75.7582819,72.88526039
151,176,C8,QUAL,Quercus,9.3,10,NA,OT,overtop,OT,NA,1958,57,0.5,0,0,NA,NA,,,NA,NA,,,,2.72,2.72,352,38,"Lucy, Tegan",6/16/2025,NA,EEG,KF,271,3,322,0.99991226,-0.99991226,0.013246606,80,70,77.28023865,70.03603077
152,177,C9,CAGL,Carya,35.8,38.4,NA,CD,codom,CD,NA,1854,NA,1,0,0,NA,NA,,,NA,NA,,,,8.59,8.59,345,45,"Lucy, Tegan",6/16/2025,NA,EEG,KF,148,6,315,0.745133265,-0.745133265,0.6669156,80,80,73.59930526,85.72880501
153,179,C9,LITU,L. Tulipifera,30.8,37.2,NA,CD,codom,CD,NA,1953,NA,1,0,0,NA,NA,,,NA,NA,,,,9.51,9.51,30,0,"Lucy, Tegan",6/16/2025,NA,EEG,KF,144,2,360,0.958915723,-0.958915723,0.283691091,80,80,70.88071147,82.69790228
154,180,C9,NYSY,Others (shade intolerant),25.9,26.9,NA,int3,int3,INT3,NA,1863,NA,1,0,0,NA,NA,,,NA,NA,,,,4.22,4.22,7,23,"Lucy, Tegan",6/16/2025,NA,EEG,KF,147,5,337,-0.751007151,-0.751007151,0.66029407,80,80,76.83074982,82.78644098
155,181,C9,OXAR,Others (shade tolerant),15.9,16.1,NA,OT,overtop,OT,NA,NA,NA,1,0,0,NA,NA,,,NA,NA,,,,10.75,10.75,15,15,"Lucy, Tegan",6/16/2025,NA,EEG,KF,146,4,345,-0.543995817,-0.543995817,0.839087928,80,80,74.15204496,89.02019522
156,184,C9,QURU,Quercus,41.1,45,NA,CD,codom,CD,NA,NA,84,0.75,0,1,0,0,,,NA,NA,,,,10.27,10.27,19,11,"Lucy, Tegan",6/16/2025,NA,EEG,KF,68,3,349,-0.279444442,-0.279444442,0.960161863,80,80,77.13010558,89.86086234
157,185,C9,QURU,Quercus,14,NA,NA,OT,overtop,,NA,1948,67,0.75,0,0,0,0,,,NA,NA,FALLEN,,2,7.68,7.68,348,42,"Lucy, Tegan",6/16/2025,NA,EEG,KF,76,8,318,-0.643561206,-0.643561206,0.765394653,80,80,75.05744994,85.87823093
158,186,D1,CAGL,Carya,44.7,48.5,NA,CD,codom,CD,NA,1867,NA,1,0,0,NA,NA,,,NA,NA,,,,7.07,7.07,312,78,"Lucy, Tegan",6/16/2025,NA,EEG,KF,155,6,282,-0.676749765,-0.676749765,0.736213119,70,0,65.21537916,5.20502675
159,187,D1,LIST,Others (shade intolerant),9.5,10.2,NA,OT,overtop,OT,NA,NA,NA,1,0,0,NA,NA,,,NA,NA,,,,6.17,6.17,22,8,"Lucy, Tegan",6/16/2025,NA,EEG,KF,153,4,352,0.141149851,-0.141149851,0.989988242,70,0,69.12910542,6.108227454
160,188,D1,LITU,L. Tulipifera,40.5,42.4,NA,int2,int2,INT3,NA,1945,NA,1,0,0,NA,NA,,,NA,NA,,,,2.33,2.33,311,79,"Lucy, Tegan",6/16/2025,NA,EEG,KF,150,1,281,-0.985151436,-0.985151436,0.171687645,70,0,67.70459715,0.400032213
161,189,D1,QUAL,Quercus,16.8,18.2,NA,int2,int2,OT,NA,1944,71,1,0,0,NA,NA,,,NA,NA,,,,5.28,5.28,329,61,"Lucy, Tegan",6/16/2025,NA,EEG,KF,278,3,299,-0.521576722,-0.521576722,0.853204386,70,0,67.24607491,4.504919156
162,190,D1,RHCA,Others (shade tolerant),6.6,NA,NA,OT,overtop,,NA,NA,NA,0.75,0,0,NA,NA,,,NA,NA,FALLEN,,2,12.03,12.03,349,41,"Lucy, Tegan",6/16/2025,NA,EEG,KF,154,5,319,-0.991774996,-0.991774996,0.127993586,70,0,58.0689468,1.539762841
163,191,D1,RHCA,Others (shade tolerant),5,NA,NA,OT,overtop,,NA,NA,NA,1,0,0,NA,NA,,,NA,NA,FALLEN,,2,2.77,2.77,353,37,"Lucy, Tegan",6/16/2025,NA,EEG,KF,151,2,323,0.551401534,-0.551401534,0.834239983,70,0,68.47261775,2.310844752
164,192,D10,CAGL,Carya,29.7,33.2,NA,int3,int3,INT3,NA,1916,NA,1,0,0,NA,NA,,,NA,NA,,,,14.14,14.14,345,45,"Lucy, Tegan",6/16/2025,NA,EEG,KF,161,6,315,0.745133265,-0.745133265,0.6669156,70,90,59.46381564,99.43018659
165,193,D10,COFL,Others (shade tolerant),6.5,NA,NA,OT,overtop,,NA,NA,NA,1,0,0,NA,NA,,,NA,NA,FALLEN,,2,7.59,7.59,13,17,"Lucy, Tegan",6/16/2025,NA,EEG,KF,157,2,343,-0.536598355,-0.536598355,0.843837784,70,90,65.92721848,96.40472878
166,194,D10,FRPE,F. pennsylvanica,14.7,17.3,NA,int1,int1,INT2,NA,NA,NA,1,0,0,NA,NA,,,NA,NA,,,,11.26,11.26,315,75,"Lucy, Tegan",6/16/2025,NA,EEG,KF,159,4,285,0.77387159,-0.77387159,0.633342531,70,90,61.28620589,97.1314369
167,196,D10,OXAR,Others (shade tolerant),15.6,16.5,NA,OT,overtop,OT,NA,NA,NA,1,0,0,NA,NA,,,NA,NA,,,,6.18,6.18,9,21,"Lucy, Tegan",6/16/2025,NA,EEG,KF,156,1,339,-0.287874449,-0.287874449,0.957668159,70,90,68.22093591,95.91838922
168,197,D10,QUAL,Quercus,62.9,66.9,NA,CD,codom,CD,NA,1852,163,0.75,2,1,6,0.036809816,,,NA,NA,,,,7.25,7.25,4,26,"Lucy, Tegan",6/16/2025,NA,EEG,KF,4,3,334,0.836672149,-0.836672149,0.54770404,70,90,63.93412692,93.97085429
169,198,D2,CATO,Carya,51,55.4,NA,CD,codom,CD,NA,1869,NA,1,0,0,NA,NA,,,NA,NA,,,,4.8,4.8,304,86,"Lucy, Tegan",6/16/2025,NA,EEG,KF,165,4,274,-0.629911407,-0.629911407,0.776666994,70,10,66.97642525,13.72800157
170,199,D2,LITU,L. Tulipifera,20.8,22.3,NA,int2,int2,OT,NA,1955,NA,0.75,0,0,NA,NA,,,NA,NA,,,,10.36,10.36,2,28,"Lucy, Tegan",6/16/2025,NA,EEG,KF,162,1,332,-0.846204342,-0.846204342,0.532858529,70,10,61.23332302,15.52041436
171,201,D2,LITU,L. Tulipifera,29.8,35.7,NA,CD,codom,CD,NA,NA,NA,0.75,0,0,NA,NA,,,NA,NA,,,,9.85,9.85,24,6,"Lucy, Tegan",6/16/2025,NA,EEG,KF,163,2,354,0.841454697,-0.841454697,0.540327671,70,10,61.71167123,15.32222756
172,202,D2,LITU,L. Tulipifera,18.8,19.7,NA,OT,overtop,OT,NA,1976,NA,0.75,0,0,NA,NA,,,NA,NA,,,,4.93,4.93,25,5,"Lucy, Tegan",6/16/2025,NA,EEG,KF,164,3,355,-3.01E-05,-3.01E-05,1,70,10,69.99985139,14.93
173,208,D3,FRPE,F. Pennsylvanica,41.3,45.8,NA,CD,codom,CD,NA,1918,NA,1,0,0,NA,NA,,,NA,NA,,,,6.9,6.9,328,62,"Lucy, Tegan",6/16/2025,NA,EEG,KF,170,3,298,0.436137629,-0.436137629,0.899879974,70,20,66.99065036,26.20917182
174,209,D3,LITU,L. Tulipifera,44.8,50.5,NA,CD,codom,CD,NA,1946,NA,0.5,0,0,NA,NA,,,NA,NA,,,,10.44,10.44,358,36,"Lucy, Tegan",6/16/2025,NA,EEG,KF,172,5,324,-0.404065219,-0.404065219,0.914730178,70,20,65.78155911,29.54978306
175,210,D3,LITU,L. Tulipifera,22.1,NA,NA,OT,overtop,,NA,NA,NA,0.5,0,0,NA,NA,,,NA,NA,FALLEN,,2,10.71,10.71,329,61,"Lucy, Tegan",6/16/2025,NA,EEG,KF,168,1,299,-0.521576722,-0.521576722,0.853204386,70,20,64.41391331,29.13781897
176,212,D3,OXAR,Others (shade tolerant),7.6,9.8,NA,OT,overtop,OT,NA,1987,NA,1,0,0,NA,NA,,,NA,NA,,,,8.18,8.18,4,26,"Lucy, Tegan",6/16/2025,NA,EEG,KF,171,4,334,0.836672149,-0.836672149,0.54770404,70,20,63.15602182,24.48021904
177,213,D3,QURU,Quercus,10.7,11.7,NA,OT,overtop,OT,NA,1946,69,1,0,0,NA,NA,,,NA,NA,,,,10.83,10.83,334,56,"Lucy, Tegan",6/16/2025,NA,EEG,KF,280,2,304,0.670206804,-0.670206804,0.7421744,70,20,62.74166032,28.03774875
178,214,D4,CAGL,Carya,33,34.2,NA,int3,int3,OT,NA,1878,NA,1,0,0,NA,NA,,,NA,NA,,,,11.07,11.07,350,40,"Lucy, Tegan",6/16/2025,NA,EEG,KF,174,2,320,-0.428155428,-0.428155428,0.903705112,70,30,65.26031941,40.00401559
179,215,D4,LITU,L. Tulipifera,11.7,12.1,NA,OT,overtop,OT,NA,1957,NA,0.75,0,0,NA,NA,,,NA,NA,,,,10.57,10.57,3,27,"Lucy, Tegan",6/16/2025,NA,EEG,KF,175,3,333,-0.008821166,-0.008821166,0.999961093,70,30,69.90676027,40.56958875
180,216,D4,LITU,L. Tulipifera,28.5,31.5,NA,CD,codom,CD,NA,1959,NA,0.5,0,0,NA,NA,,,NA,NA,,,,4.01,4.01,324,66,"Lucy, Tegan",6/16/2025,NA,EEG,KF,176,4,294,-0.966109989,-0.966109989,0.258130759,70,30,66.12589894,31.03510434
181,217,D4,OXAR,Others (shade tolerant),23.4,25.9,NA,OT,overtop,OT,NA,1941,NA,1,0,0,NA,NA,,,NA,NA,,,,5.59,5.59,315,75,"Lucy, Tegan",6/16/2025,NA,EEG,KF,177,5,285,0.77387159,-0.77387159,0.633342531,70,30,65.67405781,33.54038475
182,218,D4,QUAL,Quercus,72.5,79.4,NA,D,dom,D,NA,1881,134,1,1,2,2,0.014925373,,,NA,NA,,,,9.4,9.4,1,29,"Lucy, Tegan",6/16/2025,NA,EEG,KF,56,1,331,-0.905591148,-0.905591148,0.424151709,70,30,61.48744321,33.98702607
183,219,D5,CATO,Carya,28.8,29.7,NA,int3,int3,,NA,1922,NA,1,0,0,NA,NA,,G,NA,1,,,1,5.87,5.87,20,10,"Lucy, Tegan",6/16/2025,NA,EEG,KF,179,2,350,-0.958932825,-0.958932825,0.283633279,70,40,64.37106432,41.66492735
184,220,D5,FRPE,F. Pennsylvanica,8,8.1,NA,OT,overtop,,NA,NA,NA,1,0,0,NA,NA,,G,NA,1,,,1,9.1,10.15,0,72,"Lucy, Tegan",6/16/2025,NA,EEG,KF,182,5,288,-0.855504371,-0.855504371,0.517795589,70,40,61.31663064,45.25562522
185,220,D5,FRPE,F. Pennsylvanica,8,8.1,NA,OT,overtop,,NA,NA,NA,1,0,0,NA,NA,,G,NA,1,,,1,9.1,9.1,0,30,"Lucy, Tegan",6/16/2025,NA,EEG,KF,183,6,330,-0.132381629,-0.132381629,0.991198822,70,40,68.79532717,49.01990928
186,221,D5,FRPE,F. Pennsylvanica,8,7.2,NA,OT,overtop,OT,NA,NA,NA,1,0,0,NA,NA,,,NA,NA,,,,10.15,10.15,318,72,"Lucy, Tegan",6/16/2025,NA,EEG,KF,182,5,288,-0.855504371,-0.855504371,0.517795589,70,40,61.31663064,45.25562522
187,221,D5,FRPE,F. Pennsylvanica,8,7.2,NA,OT,overtop,OT,NA,NA,NA,1,0,0,NA,NA,,,NA,NA,,,,10.15,9.1,318,30,"Lucy, Tegan",6/16/2025,NA,EEG,KF,183,6,330,-0.132381629,-0.132381629,0.991198822,70,40,68.79532717,49.01990928
188,222,D5,LITU,L. Tulipifera,17.4,19.3,NA,OT,overtop,OT,NA,NA,NA,0.5,0,0,NA,NA,,,NA,NA,,,,9.52,9.52,4,26,"Lucy, Tegan",6/16/2025,NA,EEG,KF,181,4,334,0.836672149,-0.836672149,0.54770404,70,40,62.03488114,45.21414246
189,223,D5,LITU,L. Tulipifera,14.3,15.1,NA,int1,int1,OT,NA,NA,NA,0.5,0,0,NA,NA,,,NA,NA,,,,8.8,8.8,13,17,"Lucy, Tegan",6/16/2025,NA,EEG,KF,178,1,343,-0.536598355,-0.536598355,0.843837784,70,40,65.27793447,47.4257725
190,224,D5,LITU,L. Tulipifera,14.5,15.5,NA,OT,overtop,OT,NA,NA,NA,0.5,0,0,NA,NA,,,NA,NA,,,,4.39,4.39,321,69,"Lucy, Tegan",6/16/2025,NA,EEG,KF,180,3,291,0.920014225,-0.920014225,0.391884964,70,40,65.96113755,41.72037499
191,225,D6,LITU,L. Tulipifera,11.9,12.4,NA,OT,overtop,OT,NA,1947,NA,0,0,0,NA,NA,,,NA,NA,,,,6.75,6.75,5,25,"Lucy, Tegan",6/16/2025,NA,EEG,KF,185,2,335,0.912932949,-0.912932949,0.408109582,70,50,63.83770259,52.75473968
192,226,D6,LITU,L. Tulipifera,10.4,11.4,NA,OT,overtop,OT,NA,NA,NA,0,0,0,NA,NA,,,NA,NA,,,,8.61,8.61,26,4,"Lucy, Tegan",6/16/2025,NA,EEG,KF,184,1,356,-0.841487271,-0.841487271,0.54027694,70,50,62.75479459,54.65178445
193,227,D6,LITU,L. Tulipifera,25.4,28.1,NA,CD,codom,OT,NA,1949,NA,0.25,0,0,NA,NA,,,NA,NA,,,,8.23,8.23,348,42,"Lucy, Tegan",6/16/2025,NA,EEG,KF,187,4,318,-0.643561206,-0.643561206,0.765394653,70,50,64.70349127,56.29919799
194,228,D6,QUAL,Quercus,64.5,69.2,NA,CD,codom,CD,NA,1853,162,1,2,2,2,0.012345679,,,NA,NA,,,,4.92,4.92,319,71,"Lucy, Tegan",6/16/2025,NA,EEG,KF,57,3,289,-0.02652102,-0.02652102,0.999648256,70,50,69.86951658,54.91826942
195,229,D7,LITU,L. Tulipifera,16,20,NA,int2,int2,OT,NA,NA,NA,0.75,0,0,NA,NA,,,NA,NA,,,,6.43,6.43,22,8,"Lucy, Tegan",6/16/2025,NA,EEG,KF,188,1,352,0.141149851,-0.141149851,0.989988242,70,60,69.09240646,66.3656244
196,230,D7,LITU,L. Tulipifera,19.1,23.8,NA,int2,int2,INT2,NA,1948,NA,0.75,0,0,NA,NA,,,NA,NA,,,,11.75,11.75,354,36,"Lucy, Tegan",6/16/2025,NA,EEG,KF,191,6,324,-0.404065219,-0.404065219,0.914730178,70,60,65.25223367,70.74807959
197,233,D7,QUAL,Quercus,64.7,67.6,NA,CD,codom,CD,NA,1856,159,1,0,2,3,0.018867925,,,NA,NA,,,,3.49,3.49,3,27,"Lucy, Tegan",6/16/2025,NA,EEG,KF,38,3,333,-0.008821166,-0.008821166,0.999961093,70,60,69.96921413,63.48986421
198,234,D7,QURU,Quercus,15.2,17.3,NA,int1,int1,INT2,NA,1949,66,1,1,0,NA,NA,,,NA,NA,,,,8.95,8.95,325,65,"Lucy, Tegan",6/16/2025,NA,EEG,KF,282,2,295,-0.304781911,-0.304781911,0.952422168,70,60,67.2722019,68.52417841
199,235,D8,FRPE,F. Pennsylvanica,7.6,NA,NA,OT,overtop,,NA,NA,NA,0.75,0,0,NA,NA,,,NA,NA,FALLEN,,2,11.04,11.04,13,17,"Lucy, Tegan",6/16/2025,NA,EEG,KF,192,1,343,-0.536598355,-0.536598355,0.843837784,70,70,64.07595416,79.31596913
200,236,D8,NYSY,Others (shade intolerant),29.3,29.9,NA,OT,overtop,INT2,NA,NA,NA,1,0,0,NA,NA,,,NA,NA,,,,10.27,10.27,5,25,"Lucy, Tegan",6/16/2025,NA,EEG,KF,193,2,335,0.912932949,-0.912932949,0.408109582,70,70,60.62417861,74.1912854
201,237,D8,OXAR,Others (shade tolerant),16.1,19.5,NA,OT,overtop,OT,NA,1976,NA,1,0,0,NA,NA,,,NA,NA,,,,9.79,9.79,358,32,"Lucy, Tegan",6/16/2025,NA,EEG,KF,194,3,328,0.956384734,-0.956384734,0.292109979,70,70,60.63699345,72.8597567
202,238,D9,FRPE,F. Pennsylvanica,9.8,11.4,NA,OT,overtop,OT,NA,1952,NA,0.75,0,0,NA,NA,,,NA,NA,,,,8.65,8.65,312,78,"Lucy, Tegan",6/16/2025,NA,EEG,KF,195,1,282,-0.676749765,-0.676749765,0.736213119,70,80,64.14611454,86.36824348
203,239,E1,FRPE,F. Pennsylvanica,8.4,9.2,NA,OT,overtop,OT,NA,NA,NA,1,0,0,NA,NA,,,NA,NA,,,,6,6,24,6,"Lucy, Tegan",6/16/2025,NA,EEG,KF,198,3,354,0.841454697,-0.841454697,0.540327671,60,0,54.95127182,3.241966027
204,240,E1,LITU,L. Tulipifera,6.5,6.7,NA,OT,overtop,,NA,NA,NA,0.25,0,0,NA,NA,,G,NA,2,,,1,8.83,8.83,7,23,"Lucy, Tegan",6/16/2025,NA,EEG,KF,203,8,337,-0.751007151,-0.751007151,0.66029407,60,0,53.36860685,5.830396637
205,241,E1,LITU,L. Tulipifera,18,19.2,NA,OT,overtop,OT,NA,NA,NA,0.25,0,0,NA,NA,,,NA,NA,,,,9.45,9.45,26,4,"Lucy, Tegan",6/16/2025,NA,EEG,KF,200,5,356,-0.841487271,-0.841487271,0.54027694,60,0,52.04794528,5.105617083
206,242,E1,LITU,L. Tulipifera,39.9,46.7,NA,CD,codom,CD,NA,1945,NA,0.5,0,0,NA,NA,,,NA,NA,,,,7.16,7.16,27,3,"Lucy, Tegan",6/16/2025,NA,EEG,KF,199,4,357,-0.909284882,-0.909284882,0.416174247,60,0,53.48952025,2.979807605
207,243,E1,LITU,L. Tulipifera,32,37.3,NA,CD,codom,CD,NA,1949,NA,0.25,0,0,NA,NA,,,NA,NA,,,,9.74,9.74,337,53,"Lucy, Tegan",6/16/2025,NA,EEG,KF,196,1,307,-0.768235364,-0.768235364,0.640167498,60,0,52.51738755,6.235231428
208,244,E1,QURU,Quercus,23.5,25.5,NA,OT,overtop,OT,NA,1947,68,1,0,0,NA,NA,,,NA,NA,,,,3,3,313,77,"Lucy, Tegan",6/16/2025,NA,EEG,KF,299,6,283,0.25385252,-0.25385252,0.967242936,60,0,59.23844244,2.901728809
209,245,E1,QURU,Quercus,19.9,22.3,NA,int3,int3,INT3,NA,1945,70,1,0,0,NA,NA,,,NA,NA,,,,8.72,8.72,342,48,"Lucy, Tegan",6/16/2025,NA,EEG,KF,287,2,312,-0.831791476,-0.831791476,0.555088228,60,0,52.74677833,4.840369348
210,246,E1,RHCA,Others (shade tolerant),5.1,7.2,NA,OT,overtop,OT,NA,NA,NA,0.75,0,0,NA,NA,,,NA,NA,,,,1.78,1.78,30,0,"Lucy, Tegan",6/16/2025,NA,EEG,KF,202,7,360,0.958915723,-0.958915723,0.283691091,60,0,58.29313001,0.504970143
211,247,E10,CATO,Carya,27.1,28.8,NA,OT,overtop,OT,NA,1869,NA,1,0,0,NA,NA,,,NA,NA,,,,6.78,6.78,29,1,"Emily,Lilly",6/16/2025,NA,EEG,KF,206,4,359,0.756822199,-0.756822199,0.653620807,60,90,54.86874549,94.43154907
212,248,E10,FRPE,F. Pennsylvanica,8.6,9.7,NA,OT,overtop,OT,NA,NA,NA,1,0,0,NA,NA,,,NA,NA,,,,9.66,9.66,20,10,"Emily,Lilly",6/16/2025,NA,EEG,KF,205,3,350,-0.958932825,-0.958932825,0.283633279,60,90,50.73670891,92.73989748
213,251,E10,QUAL,Quercus,48.6,53,NA,CD,codom,CD,NA,1859,156,1,1,2,6,0.038461538,,,NA,NA,,,,11.45,11.45,328,62,"Emily,Lilly",6/16/2025,NA,EEG,KF,3,5,298,0.436137629,-0.436137629,0.899879974,60,90,55.00622415,100.3036257
214,252,E10,QUAL,Quercus,52.5,55.7,NA,CD,codom,CD,NA,1858,157,0.75,1,1,4,0.025477707,,,NA,NA,,,,7.46,7.46,349,41,"Lucy, Tegan",6/16/2025,NA,EEG,KF,31,6,319,-0.991774996,-0.991774996,0.127993586,60,90,52.60135853,90.95483215
215,253,E2,CAGL,Carya,31.5,32.7,NA,CD,codom,OT,NA,1865,NA,1,0,0,NA,NA,,,NA,NA,,,,10.55,10.55,339,51,"Emily,Lilly",6/16/2025,NA,EEG,KF,213,5,309,0.901801375,-0.901801375,0.432150761,60,10,50.48599549,14.55919053
216,254,E2,LITU,L. Tulipifera,40,48.6,NA,CD,codom,CD,NA,NA,NA,0.75,0,0,NA,NA,,,NA,NA,,,,6.8,6.8,30,0,"Emily,Lilly",6/16/2025,NA,EEG,KF,209,1,360,0.958915723,-0.958915723,0.283691091,60,10,53.47937308,11.92909942
217,255,E2,LITU,L. Tulipifera,19,19.4,NA,int2,int2,OT,NA,NA,NA,0.75,0,0,NA,NA,,,NA,NA,,,,8.89,8.89,311,79,"Emily,Lilly",6/16/2025,NA,EEG,KF,212,4,281,-0.985151436,-0.985151436,0.171687645,60,10,51.24200373,11.52630317
218,256,E2,LITU,L. Tulipifera,16.9,17.7,NA,OT,overtop,OT,NA,NA,NA,0.5,0,0,NA,NA,,,NA,NA,,,,12.71,12.71,343,47,"Emily,Lilly",6/16/2025,NA,EEG,KF,214,6,313,-0.91650949,-0.91650949,0.400012943,60,10,48.35116438,15.0841645
219,257,E2,LITU,L. Tulipifera,13.3,NA,NA,OT,overtop,,NA,NA,NA,0.5,0,0,NA,NA,,,NA,3,FALLEN,,2,12.11,12.11,353,37,"Emily,Lilly",6/16/2025,NA,EEG,KF,215,7,323,0.551401534,-0.551401534,0.834239983,60,10,53.32252742,20.10264619
220,258,E2,OXAR,Others (shade tolerant),16.3,18,NA,OT,overtop,OT,NA,1949,NA,1,0,0,NA,NA,,,NA,NA,,,,3.84,3.84,355,35,"Emily,Lilly",6/16/2025,NA,EEG,KF,210,2,325,-0.988036273,-0.988036273,0.154221666,60,10,56.20594071,10.5922112
221,259,E2,RHCA,Others (shade tolerant),5.2,5.7,NA,OT,overtop,OT,NA,NA,NA,1,0,0,NA,NA,,,NA,NA,,,,6.31,6.31,320,70,"Emily,Lilly",6/16/2025,NA,EEG,KF,211,3,290,0.826845634,-0.826845634,0.562428927,60,10,54.78260405,13.54892653
222,260,E3,LITU,L. Tulipifera,17.8,18.1,NA,OT,overtop,OT,NA,NA,NA,0.75,0,0,NA,NA,,,NA,NA,,,,3.83,3.83,356,34,"Emily,Lilly",6/16/2025,NA,EEG,KF,216,1,326,-0.663611334,-0.663611334,0.748077534,60,20,57.45836859,22.86513696
223,261,E3,LITU,L. Tulipifera,20.3,21.7,NA,OT,overtop,OT,NA,1952,NA,0.5,0,0,NA,NA,,,NA,NA,,,,6.33,6.33,359,31,"Emily,Lilly",6/16/2025,NA,EEG,KF,220,5,329,0.762538949,-0.762538949,0.646942309,60,20,55.17312845,24.09514482
224,262,E3,RHCA,Others (shade tolerant),5,NA,NA,OT,overtop,,NA,NA,NA,1,0,0,NA,NA,,,NA,NA,FALLEN,,2,0.73,0.73,22,8,"Emily,Lilly",6/16/2025,NA,EEG,KF,217,2,352,0.141149851,-0.141149851,0.989988242,60,20,59.89696061,20.72269142
225,263,E3,SAAL,Others (shade intolerant),10.5,NA,NA,OT,overtop,,NA,1947,NA,1,0,0,NA,NA,,,NA,3,FALLEN,,2,7.97,7.97,332,58,"Emily,Lilly",6/16/2025,NA,EEG,KF,219,4,302,0.395952831,-0.395952831,0.918270851,60,20,56.84425594,27.31861868
226,264,E3,TIAM,Others (shade tolerant),7.7,7.3,NA,OT,overtop,OT,NA,NA,NA,1,0,0,NA,NA,,,NA,NA,,,,5.59,5.59,319,71,"Emily,Lilly",6/16/2025,NA,EEG,KF,218,3,289,-0.02652102,-0.02652102,0.999648256,60,20,59.8517475,25.58803375
227,265,E4,CAGL,Carya,34.9,39.2,NA,CD,codom,CD,NA,NA,NA,0.75,0,0,NA,NA,,,NA,NA,,,,7.19,7.19,25,5,"Emily,Lilly",6/16/2025,NA,EEG,KF,223,3,355,-3.01E-05,-3.01E-05,1,60,30,59.99978326,37.19
228,266,E4,SAAL,Others (shade intolerant),6.2,NA,NA,OT,overtop,,NA,NA,NA,0.5,0,0,NA,NA,,,NA,3,FALLEN,,2,11.08,11.08,5,25,"Emily,Lilly",6/16/2025,NA,EEG,KF,221,1,335,0.912932949,-0.912932949,0.408109582,60,30,49.88470293,34.52185417
229,267,E4,SAAL,Others (shade intolerant),9.2,9.5,NA,OT,overtop,,NA,NA,NA,0.5,0,0,NA,NA,,G,NA,3,,,1,9.21,9.21,11,19,"Emily,Lilly",6/16/2025,NA,EEG,KF,222,2,341,0.990603233,-0.990603233,0.136767079,60,30,50.87654422,31.2596248
230,268,E4,SAAL,Others (shade intolerant),14.8,15.4,NA,OT,overtop,,NA,1948,NA,0.5,0,0,NA,NA,,G,NA,2,,,1,7.92,7.92,345,45,"Emily,Lilly",6/16/2025,NA,EEG,KF,224,4,315,0.745133265,-0.745133265,0.6669156,60,30,54.09854454,35.28197156
231,269,E5,FRPE,F. Pennsylvanica,9.3,NA,NA,OT,overtop,,NA,1952,NA,0.75,0,0,NA,NA,,,NA,4,FALLEN,,2,7.54,7.54,312,78,"Emily,Lilly",6/16/2025,NA,EEG,KF,227,4,282,-0.676749765,-0.676749765,0.736213119,60,40,54.89730678,45.55104692
232,270,E5,QUAL,Quercus,37.6,39.6,NA,int3,int3,CD,NA,1877,138,0.75,0,0,NA,NA,,,NA,NA,,,,5.8,5.8,23,7,"Emily,Lilly",6/16/2025,NA,EEG,KF,308,1,353,0.909309971,-0.909309971,0.416119426,60,40,54.72600217,42.41349267
233,271,E5,QUAL,Quercus,66.9,71.1,NA,CD,codom,CD,NA,1858,157,0.75,2,2,3,0.01910828,,,NA,NA,,,,9.41,9.41,327,63,"Emily,Lilly",6/16/2025,NA,EEG,KF,41,3,297,0.992869055,-0.992869055,0.119210065,60,40,50.65710219,41.12176671
234,273,E6,CATO,Carya,21.5,22.3,NA,OT,overtop,OT,NA,NA,NA,1,0,0,NA,NA,,,NA,NA,,,,7.88,7.88,8,22,"Emily,Lilly",6/16/2025,NA,EEG,KF,228,1,338,-0.961389197,-0.961389197,0.275192319,60,50,52.42425313,52.16851547
235,274,E6,LITU,L. Tulipifera,7.8,8.4,NA,OT,overtop,OT,NA,1964,NA,0.25,0,0,NA,NA,,,NA,NA,,,,3.13,3.13,28,2,"Emily,Lilly",6/16/2025,NA,EEG,KF,229,2,358,-0.141090165,-0.141090165,0.98999675,60,50,59.55838778,53.09868983
236,275,E6,QUAL,Quercus,51.9,56.7,NA,CD,codom,CD,NA,1858,157,1,1,2,3,0.01910828,,,NA,NA,,,,9.63,9.63,310,80,"Emily,Lilly",6/16/2025,NA,EEG,KF,42,3,280,-0.387809421,-0.387809421,0.92173958,60,50,56.26539528,58.87635215
237,276,E7,FRPE,F. Pennsylvanica,12.4,14.4,NA,OT,overtop,OT,NA,1947,NA,1,0,0,NA,NA,,,NA,NA,,,,5.73,5.73,346,44,"Emily,Lilly",6/16/2025,NA,EEG,KF,232,3,316,0.963787348,-0.963787348,0.266671985,60,60,54.4774985,61.52803048
238,278,E7,LITU,L. Tulipifera,18.2,20.9,NA,int2,int2,INT2,NA,NA,NA,0.75,0,0,NA,NA,,,NA,NA,,,,9.27,9.27,30,0,"Emily,Lilly",6/16/2025,NA,EEG,KF,235,6,360,0.958915723,-0.958915723,0.283691091,60,60,51.11085124,62.62981642
239,279,E7,LITU,L. Tulipifera,18.9,23.5,NA,int3,int3,INT3,NA,NA,NA,0.75,0,0,NA,NA,,,NA,NA,,,,9.43,9.43,338,52,"Emily,Lilly",6/16/2025,NA,EEG,KF,231,2,308,0.123603036,-0.123603036,0.992331744,60,60,58.83442337,69.35768834
240,280,E7,LITU,L. Tulipifera,15.2,16.5,NA,OT,overtop,OT,NA,NA,NA,0.5,0,0,NA,NA,,,NA,NA,,,,4.06,4.06,344,46,"Emily,Lilly",6/16/2025,NA,EEG,KF,233,4,314,-0.158592906,-0.158592906,0.987344059,60,60,59.3561128,64.00861688
241,282,E7,QUAL,Quercus,55.9,60,NA,CD,codom,CD,NA,1849,166,1,2,1,4,0.024096386,,,NA,NA,,,,10.47,10.47,317,73,"Emily,Lilly",6/16/2025,NA,EEG,KF,32,7,287,-0.897940948,-0.897940948,0.440115955,60,60,50.59855827,64.60801405
242,284,E8,CAGL,Carya,45,NA,NA,OT,overtop,,NA,NA,NA,0.75,0,0,NA,NA,,P,NA,4,,,2,8.98,8.98,325,65,"Emily,Lilly",6/16/2025,NA,EEG,KF,242,6,295,-0.304781911,-0.304781911,0.952422168,60,70,57.26305844,78.55275107
243,285,E8,CAGL,Carya,27.9,30.8,NA,OT,overtop,OT,NA,1856,NA,0.75,0,0,NA,NA,,,NA,NA,,,,8.49,8.49,325,65,"Emily,Lilly",6/16/2025,NA,EEG,KF,241,5,295,-0.304781911,-0.304781911,0.952422168,60,70,57.41240157,78.08606421
244,286,E8,FRPE,F. Pennsylvanica,12.2,12.4,NA,OT,overtop,OT,NA,NA,NA,0.75,0,0,NA,NA,,,NA,NA,,,,8.43,8.43,8,22,"Emily,Lilly",6/16/2025,NA,EEG,KF,237,1,338,-0.961389197,-0.961389197,0.275192319,60,70,51.89548907,72.31987125
245,287,E8,LITU,L. Tulipifera,13.8,14.8,NA,OT,overtop,OT,NA,NA,NA,0.75,0,0,NA,NA,,,NA,NA,,,,6.21,6.21,15,15,"Emily,Lilly",6/16/2025,NA,EEG,KF,238,2,345,-0.543995817,-0.543995817,0.839087928,60,70,56.62178597,75.21073603
246,288,E8,LITU,L. Tulipifera,8.9,9.4,NA,OT,overtop,OT,NA,1972,NA,0.75,0,0,NA,NA,,,NA,NA,,,,6.94,6.94,354,36,"Emily,Lilly",6/16/2025,NA,EEG,KF,240,4,324,-0.404065219,-0.404065219,0.914730178,60,70,57.19578738,76.34822743
247,289,E8,NYSY,Others (shade intolerant),29.7,30.3,NA,int2,int2,OT,NA,NA,NA,1,0,0,NA,NA,,,NA,NA,,,,5.82,5.82,24,6,"Emily,Lilly",6/16/2025,NA,EEG,KF,239,3,354,0.841454697,-0.841454697,0.540327671,60,70,55.10273366,73.14470705
248,290,E9,CAGL,Carya,29.8,31.1,NA,OT,overtop,OT,NA,NA,NA,1,0,0,NA,NA,,,NA,NA,,,,6.44,6.44,331,59,"Emily,Lilly",6/16/2025,NA,EEG,KF,244,2,301,-0.55876405,-0.55876405,0.829326677,60,80,56.40155952,85.3408638
249,293,E9,FRPE,F. Pennsylvanica,14.5,15.9,NA,int2,int2,OT,NA,1942,NA,1,0,0,NA,NA,,,NA,NA,,,,8.12,8.12,356,34,"Emily,Lilly",6/16/2025,NA,EEG,KF,247,5,326,-0.663611334,-0.663611334,0.748077534,60,80,54.61147597,86.07438958
250,294,E9,LITU,L. Tulipifera,19.7,24.9,NA,int2,int2,INT2,NA,NA,NA,0.5,0,0,NA,NA,,,NA,NA,,,,7.92,7.92,30,0,"Emily,Lilly",6/16/2025,NA,EEG,KF,243,1,360,0.958915723,-0.958915723,0.283691091,60,80,52.40538747,82.24683344
251,295,E9,QUAL,Quercus,22.8,22.7,NA,OT,overtop,OT,NA,1854,161,0.75,0,0,NA,NA,,,NA,NA,,,,6.38,6.38,314,76,"Emily,Lilly",6/16/2025,NA,EEG,KF,324,4,284,0.951063968,-0.951063968,0.308994059,60,80,53.93221188,81.9713821
252,296,E9,QUAL,Quercus,64.9,67.4,NA,CD,codom,CD,NA,NA,115,0.75,0,2,3,0.026086957,,,NA,NA,,,,6.97,6.97,323,67,"Emily,Lilly",6/16/2025,NA,EEG,KF,44,3,293,-0.739200999,-0.739200999,0.67348488,60,80,54.84776904,84.69418961
253,297,F1,FRPE,F. Pennsylvanica,7,7,NA,OT,overtop,OT,NA,NA,NA,1,0,0,NA,NA,,,NA,NA,,,,6.03,6.03,1,29,"Emily,Lilly",6/16/2025,NA,EEG,KF,248,1,331,-0.905591148,-0.905591148,0.424151709,50,0,44.53928538,2.557634806
254,298,F1,LIST,Others (shade intolerant),5.2,NA,NA,OT,overtop,,NA,NA,NA,1,0,0,NA,NA,,,NA,3,FALLEN,,2,7.12,7.12,335,55,"Emily,Lilly",6/16/2025,NA,EEG,KF,250,3,305,-0.262403942,-0.262403942,0.964958119,50,0,48.13168393,6.870501807
255,299,F1,LITU,L. Tulipifera,16.2,16.2,NA,OT,overtop,OT,NA,NA,NA,0.5,0,0,NA,NA,,,NA,NA,,,,9.25,9.25,311,79,"Emily,Lilly",6/16/2025,NA,EEG,KF,251,4,281,-0.985151436,-0.985151436,0.171687645,50,0,40.88734921,1.588110718
256,300,F1,LITU,L. Tulipifera,21.9,22.2,NA,int2,int2,OT,NA,1951,NA,0.75,0,0,NA,NA,,,NA,NA,,,,8.55,8.55,357,33,"Emily,Lilly",6/16/2025,NA,EEG,KF,249,2,327,0.270934805,-0.270934805,0.9625977,50,0,47.68350741,8.230210332
257,301,F10,LITU,L. Tulipifera,15,18.3,NA,OT,overtop,OT,NA,NA,NA,0.5,0,0,NA,NA,,,NA,NA,,,,2.53,2.53,17,13,"Emily,Lilly",6/16/2025,NA,EEG,KF,253,2,347,0.989362632,-0.989362632,0.14547021,50,90,47.49691254,90.36803963
258,302,F10,LITU,L. Tulipifera,10.2,10.3,NA,OT,overtop,OT,NA,NA,NA,0.5,0,0,NA,NA,,,NA,NA,,,,5.1,5.1,27,3,"Emily,Lilly",6/16/2025,NA,EEG,KF,252,1,357,-0.909284882,-0.909284882,0.416174247,50,90,45.3626471,92.12248866
259,303,F10,LITU,L. Tulipifera,32.4,37,NA,CD,codom,CD,NA,1945,NA,1,0,0,NA,NA,,,NA,NA,,,,8.97,8.97,341,49,"Emily,Lilly",6/16/2025,NA,EEG,KF,255,4,311,0.017671785,-0.017671785,0.999843842,50,90,49.84148408,98.96859926
260,304,F10,LITU,L. Tulipifera,13.2,15.1,NA,OT,overtop,OT,NA,1983,NA,1,0,0,NA,NA,,,NA,NA,,,,13.4,13.4,358,32,"Emily,Lilly",6/16/2025,NA,EEG,KF,256,5,328,0.956384734,-0.956384734,0.292109979,50,90,37.18444456,93.91427372
261,305,F10,QUAL,Quercus,65.6,69.3,NA,CD,codom,CD,NA,1861,154,0.75,1,2,5,0.032467532,,,NA,NA,,,,6.3,6.3,320,70,"Emily,Lilly",6/16/2025,NA,EEG,KF,6,3,290,0.826845634,-0.826845634,0.562428927,50,90,44.79087251,93.54330224
262,306,F2,HACA,Others (shade tolerant),5.9,6,NA,OT,overtop,OT,NA,NA,NA,1,0,0,NA,NA,,,NA,NA,,,,8.92,8.92,327,63,"Emily,Lilly",6/16/2025,NA,EEG,KF,264,8,297,0.992869055,-0.992869055,0.119210065,50,10,41.14360803,11.06335378
263,307,F2,LITU,L. Tulipifera,13.6,14,NA,OT,overtop,OT,NA,NA,NA,0.5,0,0,NA,NA,,,NA,NA,,,,5.09,5.09,15,15,"Emily,Lilly",6/16/2025,NA,EEG,KF,263,7,345,-0.543995817,-0.543995817,0.839087928,50,10,47.23106129,14.27095755
264,308,F2,LITU,L. Tulipifera,15.7,16.4,NA,OT,overtop,,NA,NA,NA,0.25,0,0,NA,NA,,P,NA,1,,,2,9.46,9.46,18,12,"Emily,Lilly",6/16/2025,NA,EEG,KF,260,4,348,0.656963873,-0.656963873,0.753922058,50,10,43.78512177,17.13210267
265,309,F2,LITU,L. Tulipifera,18.8,21.1,NA,OT,overtop,OT,NA,1955,NA,0.5,0,0,NA,NA,,,NA,NA,,,,5.42,5.42,329,61,"Emily,Lilly",6/16/2025,NA,EEG,KF,265,9,299,-0.521576722,-0.521576722,0.853204386,50,10,47.17305417,14.62436777
266,310,F2,LITU,L. Tulipifera,22.4,25.6,NA,int3,int3,INT3,NA,1947,NA,0.25,0,0,NA,NA,,,NA,NA,,,,11.67,11.67,340,50,"Emily,Lilly",6/16/2025,NA,EEG,KF,258,2,310,0.850887689,-0.850887689,0.525347639,50,10,40.07014067,16.13080694
267,311,F2,LITU,L. Tulipifera,9.1,10.2,NA,OT,overtop,OT,NA,NA,NA,0.75,0,0,NA,NA,,,NA,NA,,,,11.94,11.94,355,35,"Emily,Lilly",6/16/2025,NA,EEG,KF,257,1,325,-0.988036273,-0.988036273,0.154221666,50,10,38.20284689,11.84140669
268,312,F2,LITU,L. Tulipifera,27.5,33.7,NA,CD,codom,CD,NA,1949,NA,0.25,0,0,NA,NA,,,NA,NA,,,,9.02,9.02,359,31,"Emily,Lilly",6/16/2025,NA,EEG,KF,259,3,329,0.762538949,-0.762538949,0.646942309,50,10,43.12189868,15.83541963
269,313,F2,OXAR,Others (shade tolerant),9.4,9.7,NA,OT,overtop,OT,NA,NA,NA,1,0,0,NA,NA,,,NA,NA,,,,3.65,3.65,12,18,"Emily,Lilly",6/16/2025,NA,EEG,KF,262,6,342,0.420139682,-0.420139682,0.907459447,50,10,48.46649016,13.31222698
270,314,F2,OXAR,Others (shade tolerant),13.5,NA,NA,OT,overtop,,NA,NA,NA,0.75,0,0,NA,NA,,,NA,NA,FALLEN,,2,3.73,3.73,23,7,"Emily,Lilly",6/16/2025,NA,EEG,KF,261,5,353,0.909309971,-0.909309971,0.416119426,50,10,46.60827381,11.55212546
271,315,F3,CAGL,Carya,44.3,46.5,NA,CD,codom,CD,NA,1885,NA,0.75,0,0,NA,NA,,,NA,NA,,,,4.64,4.64,2,28,"Emily,Lilly",6/16/2025,NA,EEG,KF,267,2,332,-0.846204342,-0.846204342,0.532858529,50,20,46.07361185,22.47246357
272,316,F3,CAGL,Carya,24.6,24.8,NA,OT,overtop,OT,NA,1897,NA,0.75,0,0,NA,NA,,,NA,NA,,,,7.13,7.13,351,39,"Emily,Lilly",6/16/2025,NA,EEG,KF,270,6,321,0.529108265,-0.529108265,0.848554326,50,20,46.22745807,26.05019234
273,317,F3,LITU,L. Tulipifera,14.1,15.8,NA,OT,overtop,OT,NA,1947,NA,1,0,0,NA,NA,,,NA,NA,,,,6.59,6.59,313,77,"Emily,Lilly",6/16/2025,NA,EEG,KF,269,4,283,0.25385252,-0.25385252,0.967242936,50,20,48.32711189,26.37413095
274,320,F3,OXAR,Others (shade tolerant),20.6,21.9,NA,OT,overtop,OT,NA,1952,NA,1,0,0,NA,NA,,,NA,NA,,,,1.54,1.54,7,23,"Emily,Lilly",6/16/2025,NA,EEG,KF,268,3,337,-0.751007151,-0.751007151,0.66029407,50,20,48.84344899,21.01685287
275,321,F3,QURU,Quercus,31,31.9,NA,int3,int3,OT,NA,1900,115,1,0,0,NA,NA,,,NA,NA,,,,11.72,11.72,350,40,"Emily,Lilly",6/16/2025,NA,EEG,KF,330,1,320,-0.428155428,-0.428155428,0.903705112,50,20,44.98201838,30.59142391
276,325,F4,OXAR,Others (shade tolerant),18.3,19.3,NA,OT,overtop,OT,NA,NA,NA,1,0,0,NA,NA,,,NA,NA,,,,3.97,3.97,0,30,"Emily,Lilly",6/16/2025,NA,EEG,KF,272,3,330,-0.132381629,-0.132381629,0.991198822,50,30,49.47444493,33.93505932
277,326,F4,QUAL,Quercus,7.4,8.6,NA,OT,overtop,OT,NA,NA,NA,0.75,0,0,NA,NA,,,NA,NA,,,,10.93,10.93,333,57,"Emily,Lilly",6/16/2025,NA,EEG,KF,332,1,303,0.986632505,-0.986632505,0.162961039,50,30,39.21610672,31.78116416
278,328,F5,CATO,Carya,43.1,45.3,NA,CD,codom,CD,NA,1860,NA,1,0,0,NA,NA,,,NA,NA,,,,5.78,5.78,321,69,"Emily,Lilly",6/16/2025,NA,EEG,KF,279,6,291,0.920014225,-0.920014225,0.391884964,50,40,44.68231778,42.26509509
279,329,F5,FRPE,F. Pennsylvanica,6.8,7.4,NA,OT,overtop,OT,NA,NA,NA,1,0,0,NA,NA,,,NA,NA,,,,0.17,0.17,17,13,"Emily,Lilly",6/16/2025,NA,EEG,KF,281,8,347,0.989362632,-0.989362632,0.14547021,50,40,49.83180835,40.02472994
280,330,F5,LITU,L. Tulipifera,55.3,60.1,NA,CD,codom,CD,NA,1842,NA,1,0,0,NA,NA,,,NA,NA,,,,11.5,11.5,358,32,"Emily,Lilly",6/16/2025,NA,EEG,KF,275,2,328,0.956384734,-0.956384734,0.292109979,50,40,39.00157556,43.35926476
281,331,F5,NYSY,Others (shade intolerant),27.3,27.3,NA,int2,int2,OT,NA,NA,NA,1,0,0,NA,NA,,,NA,NA,,,,6.3,6.3,8,22,"Emily,Lilly",6/16/2025,NA,EEG,KF,277,4,338,-0.961389197,-0.961389197,0.275192319,50,40,43.94324806,41.73371161
282,332,F5,OXAR,Others (shade tolerant),19.2,21.1,NA,OT,overtop,OT,NA,NA,NA,1,0,0,NA,NA,,,NA,NA,,,,13.92,13.92,349,41,"Emily,Lilly",6/16/2025,NA,EEG,KF,274,1,319,-0.991774996,-0.991774996,0.127993586,50,40,36.19449206,41.78167072
283,333,F5,QUAL,Quercus,8.1,NA,NA,OT,overtop,,NA,NA,NA,0.5,0,0,NA,NA,,,NA,1,FALLEN,,2,8.21,8.21,9,21,"Emily,Lilly",6/16/2025,NA,EEG,KF,336,3,339,-0.287874449,-0.287874449,0.957668159,50,40,47.63655078,47.86245558
284,334,F5,QUAL,Quercus,6.4,6.1,NA,OT,overtop,,NA,NA,NA,0.75,0,0,NA,NA,,,NA,NA,,,,8.83,8.83,334,56,"Emily,Lilly",6/16/2025,NA,EEG,KF,340,7,304,0.670206804,-0.670206804,0.7421744,50,40,44.08207392,46.55339995
285,335,F5,QUVE,Quercus,36.5,37.3,NA,CD,codom,CD,NA,1904,111,1,0,2,4,0.036036036,,,NA,NA,,,,3.64,3.64,7,23,"Emily,Lilly",6/16/2025,NA,EEG,KF,26,5,337,-0.751007151,-0.751007151,0.66029407,50,40,47.26633397,42.40347041
286,336,F6,CATO,Carya,21.6,22.9,NA,OT,overtop,OT,NA,1866,NA,1,0,0,NA,NA,,,NA,NA,,,,8.62,8.62,329,61,"Emily,Lilly",6/16/2025,NA,EEG,KF,286,6,299,-0.521576722,-0.521576722,0.853204386,50,50,45.50400866,57.3546218
287,338,F6,OXAR,Others (shade tolerant),14.7,17.6,NA,OT,overtop,OT,NA,NA,NA,1,0,0,NA,NA,,,NA,NA,,,,6.66,6.66,341,49,"Emily,Lilly",6/16/2025,NA,EEG,KF,285,5,311,0.017671785,-0.017671785,0.999843842,50,50,49.88230591,56.65895999
288,340,F6,QUAL,Quercus,54.9,58.3,NA,CD,codom,CD,NA,1851,164,0.75,1,1,4,0.024390244,,,NA,NA,,,,6.02,6.02,315,75,"Emily,Lilly",6/16/2025,NA,EEG,KF,34,7,285,0.77387159,-0.77387159,0.633342531,50,50,45.34129303,53.81272204
289,341,F6,QUAL,Quercus,78.6,83,NA,D,dom,D,NA,NA,101,0.75,1,1,3,0.02970297,,,NA,NA,,,,10.5,10.5,339,51,"Emily,Lilly",6/16/2025,NA,EEG,KF,48,1,309,0.901801375,-0.901801375,0.432150761,50,50,40.53108556,54.53758299
290,343,F6,SAAL,Others (shade intolerant),18.9,NA,NA,OT,overtop,,NA,NA,NA,1,0,0,NA,NA,,,NA,3,FALLEN,,2,6.58,6.58,4,26,"Emily,Lilly",6/16/2025,NA,EEG,KF,284,3,334,0.836672149,-0.836672149,0.54770404,50,50,44.49469726,53.60389258
291,344,F7,LITU,L. Tulipifera,18.3,18.6,NA,OT,overtop,OT,NA,1967,NA,1,0,0,NA,NA,,,NA,NA,,,,9.17,9.17,316,74,"Emily,Lilly",6/16/2025,NA,EEG,KF,288,1,286,-0.114814759,-0.114814759,0.993386919,50,60,48.94714866,69.10935805
292,345,F8,CAGL,Carya,31.9,37,NA,CD,codom,CD,NA,1917,NA,1,0,0,NA,NA,,,NA,NA,,,,4.77,4.77,319,71,"Emily,Lilly",6/16/2025,NA,EEG,KF,296,8,289,-0.02652102,-0.02652102,0.999648256,50,70,49.87349473,74.76832218
293,346,F8,FRPE,F. Pennsylvanica,8.5,8.2,NA,OT,overtop,OT,NA,NA,NA,0.5,0,0,NA,NA,,,NA,NA,,,,8.81,8.81,9,21,"Emily,Lilly",6/16/2025,NA,EEG,KF,293,5,339,-0.287874449,-0.287874449,0.957668159,50,70,47.46382611,78.43705648
294,347,F8,FRPE,F. Pennsylvanica,8.7,11,NA,OT,overtop,OT,NA,NA,NA,0.5,0,0,NA,NA,,,NA,NA,,,,7.81,7.81,18,12,"Emily,Lilly",6/16/2025,NA,EEG,KF,294,6,348,0.656963873,-0.656963873,0.753922058,50,70,44.86911216,75.88813128
295,348,F8,FRPE,F. Pennsylvanica,5.8,6.1,NA,OT,overtop,OT,NA,NA,NA,0.75,0,0,NA,NA,,,NA,NA,,,,12.44,12.44,344,46,"Emily,Lilly",6/16/2025,NA,EEG,KF,289,1,314,-0.158592906,-0.158592906,0.987344059,50,70,48.02710425,82.28256009
296,348,F8,FRPE,F. Pennsylvanica,5.8,6.1,NA,OT,overtop,OT,NA,NA,NA,0.25,0,0,NA,NA,,,NA,NA,,,,12.44,4.17,344,37,"Emily,Lilly",6/16/2025,NA,EEG,KF,295,7,323,0.551401534,-0.551401534,0.834239983,50,70,47.7006556,73.47878073
297,349,F8,FRPE,F. Pennsylvanica,12.1,13.3,NA,OT,overtop,OT,NA,NA,NA,1,0,0,NA,NA,,,NA,NA,,,,10.82,10.82,346,44,"Emily,Lilly",6/16/2025,NA,EEG,KF,290,2,316,0.963787348,-0.963787348,0.266671985,50,70,39.57182089,72.88539088
298,350,F8,FRPE,F. Pennsylvanica,5.8,6.8,NA,OT,overtop,OT,NA,NA,NA,0.75,0,0,NA,NA,,,NA,NA,,,,4.17,12.44,353,46,"Emily,Lilly",6/16/2025,NA,EEG,KF,289,1,314,-0.158592906,-0.158592906,0.987344059,50,70,48.02710425,82.28256009
299,350,F8,FRPE,F. Pennsylvanica,5.8,6.8,NA,OT,overtop,OT,NA,NA,NA,0.25,0,0,NA,NA,,,NA,NA,,,,4.17,4.17,353,37,"Emily,Lilly",6/16/2025,NA,EEG,KF,295,7,323,0.551401534,-0.551401534,0.834239983,50,70,47.7006556,73.47878073
300,351,F8,LITU,L. Tulipifera,14.5,15.4,NA,OT,overtop,OT,NA,NA,NA,0.75,0,0,NA,NA,,,NA,NA,,,,9.4,9.4,341,49,"Emily,Lilly",6/16/2025,NA,EEG,KF,291,3,311,0.017671785,-0.017671785,0.999843842,50,70,49.83388522,79.39853211
301,352,F8,TIAM,Others (shade tolerant),8.3,9.3,NA,OT,overtop,OT,NA,1972,NA,1,0,0,NA,NA,,,NA,NA,,,,8.45,8.45,347,43,"Emily,Lilly",6/16/2025,NA,EEG,KF,292,4,317,0.296339788,-0.296339788,0.955082577,50,70,47.49592879,78.07044778
302,353,F9,CAGL,Carya,50.1,53.3,NA,CD,codom,CD,NA,NA,NA,1,0,0,NA,NA,,,NA,NA,,,,9.73,9.73,11,19,"Emily,Lilly",6/16/2025,NA,EEG,KF,298,2,341,0.990603233,-0.990603233,0.136767079,50,80,40.36143054,81.33074368
303,354,F9,Crataegus spp.,Others (shade tolerant),5.2,5.4,NA,OT,overtop,OT,NA,NA,NA,1,0,0,NA,NA,,,NA,NA,,,,11.57,11.57,356,34,"Emily,Lilly",6/16/2025,NA,EEG,KF,297,1,326,-0.663611334,-0.663611334,0.748077534,50,80,42.32201686,88.65525707
304,355,F9,FRPE,F. Pennsylvanica,5.6,6.7,NA,OT,overtop,OT,NA,1950,NA,0.5,0,0,NA,NA,,,NA,NA,,,,7.15,7.15,329,61,"Emily,Lilly",6/16/2025,NA,EEG,KF,304,8,299,-0.521576722,-0.521576722,0.853204386,50,80,46.27072644,86.10041136
305,356,F9,FRPE,F. Pennsylvanica,9.3,9.4,NA,OT,overtop,OT,NA,NA,NA,0.5,0,0,NA,NA,,,NA,NA,,,,3.4,3.4,351,39,"Emily,Lilly",6/16/2025,NA,EEG,KF,303,7,321,0.529108265,-0.529108265,0.848554326,50,80,48.2010319,82.88508471
306,357,F9,LITU,L. Tulipifera,12,11.7,NA,OT,overtop,OT,NA,NA,NA,0.75,0,0,NA,NA,,,NA,NA,,,,5.45,5.45,12,18,"Emily,Lilly",6/16/2025,NA,EEG,KF,301,5,342,0.420139682,-0.420139682,0.907459447,50,80,47.71023873,84.94565398
307,358,F9,LITU,L. Tulipifera,12.3,15,NA,OT,overtop,OT,NA,NA,NA,0.75,0,0,NA,NA,,,NA,NA,,,,9.09,9.09,29,1,"Emily,Lilly",6/16/2025,NA,EEG,KF,300,4,359,0.756822199,-0.756822199,0.653620807,50,80,43.12048621,85.94141314
308,359,F9,LITU,L. Tulipifera,20.8,23.1,NA,int3,int3,INT3,NA,1951,NA,0.5,0,0,NA,NA,,,NA,NA,,,,4.31,4.31,341,49,"Emily,Lilly",6/16/2025,NA,EEG,KF,302,6,311,0.017671785,-0.017671785,0.999843842,50,80,49.9238346,84.30932696
309,360,F9,QUAL,Quercus,5.3,5.7,NA,OT,overtop,OT,NA,NA,NA,1,0,0,NA,NA,,,NA,NA,,,,9.99,9.99,22,8,"Emily,Lilly",6/16/2025,NA,EEG,KF,347,3,352,0.141149851,-0.141149851,0.989988242,50,80,48.58991299,89.88998254
310,362,G1,LIST,Others (shade intolerant),6.7,5.19,NA,OT,overtop,OT,NA,NA,NA,1,0,0,NA,NA,,,NA,NA,,,,4.9,4.9,16,14,"Emily,Lilly",6/16/2025,NA,EEG,KF,306,2,346,0.41214595,-0.41214595,0.911117838,40,0,37.98048484,4.464477408
311,363,G1,LIST,Others (shade intolerant),10.1,11.5,NA,OT,overtop,OT,NA,NA,NA,1,0,0,NA,NA,,,NA,NA,,,,9.76,9.76,322,68,"Emily,Lilly",6/16/2025,NA,EEG,KF,311,7,292,0.167325981,-0.167325981,0.985901626,40,0,38.36689843,9.622399869
312,364,G1,LITU,L. Tulipifera,12.5,12.4,NA,OT,overtop,OT,NA,NA,NA,0.75,0,0,NA,NA,,,NA,NA,,,,8.16,8.16,10,20,"Emily,Lilly",6/16/2025,NA,EEG,KF,307,3,340,0.65031074,-0.65031074,0.75966831,40,0,34.69346436,6.19889341
313,365,G1,LITU,L. Tulipifera,54,62.2,NA,CD,codom,CD,NA,NA,NA,0.25,0,0,NA,NA,,,NA,NA,,,,2.54,2.54,30,0,"Emily,Lilly",6/16/2025,NA,EEG,KF,305,1,360,0.958915723,-0.958915723,0.283691091,40,0,37.56435406,0.720575372
314,366,G1,LITU,L. Tulipifera,28.7,35.1,NA,int3,int3,CD,NA,1947,NA,0.75,0,0,NA,NA,,,NA,NA,,,,7.03,7.03,328,62,"Emily,Lilly",6/16/2025,NA,EEG,KF,310,6,298,0.436137629,-0.436137629,0.899879974,40,0,36.93395247,6.32615622
315,367,G1,LITU,L. Tulipifera,9.4,NA,NA,OT,overtop,,NA,NA,NA,0.75,0,0,NA,NA,,,NA,NA,FALLEN,,2,10.94,10.94,346,44,"Emily,Lilly",6/16/2025,NA,EEG,KF,309,5,316,0.963787348,-0.963787348,0.266671985,40,0,29.45616641,2.917391518
316,368,G1,QUVE,Quercus,28,NA,NA,OT,overtop,,NA,NA,NA,1,0,0,NA,NA,,,NA,3,FALLEN,,2,11.06,11.06,353,37,"Emily,Lilly",6/16/2025,NA,EEG,KF,351,4,323,0.551401534,-0.551401534,0.834239983,40,0,33.90149904,9.226694207
317,369,G10,CATO,Carya,35.9,37.7,NA,CD,codom,CD,NA,NA,NA,1,0,0,NA,NA,,,NA,NA,,,,9.57,9.57,10,20,"Emily,Lilly",6/16/2025,NA,EEG,KF,315,4,340,0.65031074,-0.65031074,0.75966831,40,90,33.77652622,97.27002573
318,370,G10,COFL,Others (shade tolerant),11.6,NA,NA,OT,overtop,,NA,NA,NA,1,0,0,NA,NA,,,NA,NA,FALLEN,,2,12.81,12.81,357,33,"Emily,Lilly",6/16/2025,NA,EEG,KF,316,5,327,0.270934805,-0.270934805,0.9625977,40,90,36.52932514,102.3308765
319,372,G10,LIST,Others (shade intolerant),6.3,10.1,NA,OT,overtop,OT,NA,NA,NA,1,0,0,NA,NA,,,NA,NA,,,,8.11,8.11,1,29,"Emily,Lilly",6/16/2025,NA,EEG,KF,314,3,331,-0.905591148,-0.905591148,0.424151709,40,90,32.65565579,93.43987036
320,373,G10,LITU,L. Tulipifera,14.3,16.9,NA,OT,overtop,OT,NA,NA,NA,1,0,0,NA,NA,,,NA,NA,,,,11.1,11.1,348,42,"Emily,Lilly",6/16/2025,NA,EEG,KF,318,8,318,-0.643561206,-0.643561206,0.765394653,40,90,32.85647061,98.49588064
321,375,G10,OXAR,Others (shade tolerant),19.7,17.6,NA,OT,overtop,OT,NA,NA,NA,1,0,0,NA,NA,,,NA,NA,,,,0.85,0.85,9,21,"Emily,Lilly",6/16/2025,NA,EEG,KF,317,7,339,-0.287874449,-0.287874449,0.957668159,40,90,39.75530672,90.81401793
322,376,G10,OXAR,Others (shade tolerant),12.6,22.1,NA,OT,overtop,OT,NA,NA,NA,1,0,0,NA,NA,,,NA,NA,,,,10,10,343,47,"Emily,Lilly",6/16/2025,NA,EEG,KF,312,1,313,-0.91650949,-0.91650949,0.400012943,40,90,30.8349051,94.00012943
323,377,G10,SAAL,Others (shade intolerant),6.7,6.6,NA,OT,overtop,,NA,1951,NA,1,0,0,NA,NA,,P,NA,2,,,2,6.38,6.38,346,44,"Emily,Lilly",6/16/2025,NA,EEG,KF,313,2,316,0.963787348,-0.963787348,0.266671985,40,90,33.85103672,91.70136727
324,378,G2,CAGL,Carya,32.2,34.4,NA,OT,overtop,OT,NA,1905,NA,1,0,0,NA,NA,,,NA,NA,,,,7.8,7.8,319,71,"Emily,Lilly",6/16/2025,NA,EEG,KF,319,3,289,-0.02652102,-0.02652102,0.999648256,40,10,39.79313604,17.7972564
325,380,G2,LIST,Others (shade intolerant),9.9,13.5,NA,OT,overtop,INT2,NA,1990,NA,1,0,0,NA,NA,,,NA,NA,,,,8.19,8.19,2,28,"Emily,Lilly",6/16/2025,NA,EEG,KF,320,4,332,-0.846204342,-0.846204342,0.532858529,40,10,33.06958644,14.36411135
326,381,G2,LITU,L. Tulipifera,9.5,11.1,NA,OT,overtop,OT,NA,NA,NA,0.25,0,0,NA,NA,,,NA,NA,,,,7.28,7.28,25,5,"Emily,Lilly",6/16/2025,NA,EEG,KF,323,7,355,-3.01E-05,-3.01E-05,1,40,10,39.99978055,17.28
327,382,G2,OXAR,Others (shade tolerant),16.1,18.1,NA,OT,overtop,INT2,NA,NA,NA,0.5,0,0,NA,NA,,,NA,NA,,,,10.49,10.49,351,39,"Emily,Lilly",6/16/2025,NA,EEG,KF,321,5,321,0.529108265,-0.529108265,0.848554326,40,10,34.4496543,18.90133487
328,383,G2,PIEC,Others (shade intolerant),36.4,37.2,NA,CD,codom,,NA,1913,NA,1,0,0,NA,NA,,P,NA,2,,,2,8.92,8.92,11,19,"Emily,Lilly",6/16/2025,NA,EEG,KF,322,6,341,0.990603233,-0.990603233,0.136767079,40,10,31.16381916,11.21996235
329,385,G3,HACA,Others (shade tolerant),6.2,NA,NA,OT,overtop,,NA,NA,NA,0.75,0,0,NA,NA,,,NA,NA,FALLEN,,2,9.33,9.33,13,17,"Emily,Lilly",6/16/2025,NA,EEG,KF,328,5,343,-0.536598355,-0.536598355,0.843837784,40,20,34.99353735,27.87300652
330,386,G3,HACA,Others (shade tolerant),5.6,NA,NA,OT,overtop,,NA,NA,NA,0.75,0,0,NA,NA,,,NA,NA,FALLEN,,2,9.67,9.67,13,17,"Emily,Lilly",6/16/2025,NA,EEG,KF,329,6,343,-0.536598355,-0.536598355,0.843837784,40,20,34.81109391,28.15991137
331,388,G3,LIST,Others (shade intolerant),10.2,12.8,NA,OT,overtop,OT,NA,NA,NA,1,0,0,NA,NA,,,NA,NA,,,,5.75,5.75,310,80,"Emily,Lilly",6/16/2025,NA,EEG,KF,325,2,280,-0.387809421,-0.387809421,0.92173958,40,20,37.77009583,25.30000258
332,389,G3,OXAR,Others (shade tolerant),13.5,13.8,NA,OT,overtop,OT,NA,NA,NA,1,0,0,NA,NA,,,NA,NA,,,,5.86,5.86,328,62,"Emily,Lilly",6/16/2025,NA,EEG,KF,326,3,298,0.436137629,-0.436137629,0.899879974,40,20,37.44423349,25.27329665
333,390,G3,OXAR,Others (shade tolerant),19.9,21.3,NA,OT,overtop,OT,NA,1957,NA,0.5,0,0,NA,NA,,,NA,NA,,,,8.37,8.37,336,54,"Emily,Lilly",6/16/2025,NA,EEG,KF,327,4,306,-0.953761713,-0.953761713,0.300563793,40,20,32.01701446,22.51571895
334,391,G3,QUAL,Quercus,77.9,81,NA,D,dom,D,NA,1774,241,1,2,1,4,0.01659751,,,NA,NA,,,,3.88,3.88,353,37,"Emily,Lilly",6/16/2025,NA,EEG,KF,35,1,323,0.551401534,-0.551401534,0.834239983,40,20,37.86056205,23.23685113
335,392,G4,FRPE,F. Pennsylvanica,8.1,10.3,NA,OT,overtop,OT,NA,NA,NA,1,0,0,NA,NA,,,NA,NA,,,,10.69,10.69,25,5,"Emily,Lilly",6/16/2025,NA,EEG,KF,334,6,355,-3.01E-05,-3.01E-05,1,40,30,39.99967776,40.69
336,393,G4,LIST,Others (shade intolerant),10.1,12.6,NA,OT,overtop,OT,NA,NA,NA,1,0,0,NA,NA,,,NA,NA,,,,8.3,8.3,310,80,"Emily,Lilly",6/16/2025,NA,EEG,KF,331,3,280,-0.387809421,-0.387809421,0.92173958,40,30,36.78118181,37.65043851
337,394,G4,OXAR,Others (shade tolerant),13.1,15.1,NA,OT,overtop,OT,NA,NA,NA,1,0,0,NA,NA,,,NA,NA,,,,6.57,6.57,30,0,"Emily,Lilly",6/16/2025,NA,EEG,KF,333,5,360,0.958915723,-0.958915723,0.283691091,40,30,33.6999237,31.86385047
338,395,G4,QUAL,Quercus,5.2,5.2,NA,OT,overtop,,NA,1973,42,0.75,0,0,NA,NA,,G,NA,1,,,1,8.39,8.39,300,90,"Emily,Lilly",6/16/2025,NA,EEG,KF,362,4,270,-0.176045946,-0.176045946,0.984381951,40,30,38.52297451,38.25896457
339,396,G4,QUAL,Quercus,10.4,10.8,NA,OT,overtop,,NA,NA,NA,0.5,0,0,NA,NA,,P,NA,1,,,2,6.62,6.62,329,61,"Emily,Lilly",6/16/2025,NA,EEG,KF,359,2,299,-0.521576722,-0.521576722,0.853204386,40,30,36.5471621,35.64821303
340,400,G5,FAGR,Others (shade tolerant),17.1,18.9,NA,OT,overtop,OT,NA,NA,NA,0.5,0,0,NA,NA,,,NA,NA,,,,13.05,13.05,352,38,"Emily,Lilly",6/16/2025,NA,EEG,KF,337,4,322,0.99991226,-0.99991226,0.013246606,40,40,26.95114501,40.1728682
341,402,G5,FRPE,F. Pennsylvanica,9.1,10.6,NA,OT,overtop,OT,NA,1963,NA,0.75,0,0,NA,NA,,,NA,NA,,,,10.06,10.06,330,60,"Emily,Lilly",6/16/2025,NA,EEG,KF,335,1,300,-0.99975584,-0.99975584,0.022096619,40,40,29.94245625,40.22229199
342,406,G5,QUVE,Quercus,22.7,NA,NA,int2,Int2,,NA,1906,109,1,0,0,NA,NA,,,NA,NA,FALLEN,,2,6.95,6.95,354,36,"Emily,Lilly",6/16/2025,NA,EEG,KF,370,2,324,-0.404065219,-0.404065219,0.914730178,40,40,37.19174672,46.35737474
343,407,G6,CATO,Carya,30.8,31.7,NA,int3,int3,INT3,NA,1858,NA,1,0,0,NA,NA,,,NA,NA,,,,0.83,0.83,354,36,"Emily,Lilly",6/16/2025,NA,EEG,KF,339,1,324,-0.404065219,-0.404065219,0.914730178,40,50,39.66462587,50.75922605
344,411,G7,CAGL,Carya,31.4,33.6,NA,int3,int3,OT,NA,1897,NA,1,0,0,NA,NA,,,NA,NA,,,,6.27,6.27,26,4,"Emily,Lilly",,NA,EEG,KF,342,2,356,-0.841487271,-0.841487271,0.54027694,40,60,34.72387481,63.38753641
345,413,G7,LITU,L. Tulipifera,45,54.2,NA,CD,codom,CD,NA,NA,NA,1,0,0,NA,NA,,,NA,NA,,,,10.46,10.46,357,33,"Emily,Lilly",6/16/2025,NA,EEG,KF,341,1,327,0.270934805,-0.270934805,0.9625977,40,60,37.16602194,70.06877194
346,414,G7,OXAR,Others (shade tolerant),15.6,18.3,NA,OT,overtop,OT,NA,1960,NA,1,0,0,NA,NA,,,NA,NA,,,,6.93,6.93,325,65,"Emily,Lilly",,NA,EEG,KF,343,3,295,-0.304781911,-0.304781911,0.952422168,40,60,37.88786136,66.60028563
347,415,G8,CATO,Carya,41,40.7,NA,CD,codom,CD,NA,NA,NA,0.5,0,0,NA,NA,,,NA,NA,,,,4.23,4.23,338,52,"Emily,Lilly",,NA,EEG,KF,344,1,308,0.123603036,-0.123603036,0.992331744,40,70,39.47715916,74.19756328
348,416,G8,CATO,Carya,24.2,25,NA,int2,int2,INT2,NA,1924,NA,0.75,0,0,NA,NA,,,NA,NA,,,,8.28,8.28,348,42,"Emily,Lilly",,NA,EEG,KF,346,3,318,-0.643561206,-0.643561206,0.765394653,40,70,34.67131321,76.33746772
349,417,G8,CATO,Carya,31.6,34,NA,CD,codom,CD,NA,1927,NA,0.5,0,0,NA,NA,,,NA,NA,,,,6.3,6.3,359,31,"Emily,Lilly",,NA,EEG,KF,345,2,329,0.762538949,-0.762538949,0.646942309,40,70,35.19600462,74.07573655
350,418,G8,COFL,Others (shade tolerant),11.6,NA,NA,OT,overtop,,NA,NA,NA,1,0,0,NA,NA,,,NA,4,FALLEN,,2,12.28,12.28,353,37,"Emily,Lilly",,NA,EEG,KF,348,5,323,0.551401534,-0.551401534,0.834239983,40,70,33.22878916,80.24446699
351,420,G8,QUAL,Quercus,5.9,6.8,NA,OT,overtop,OT,NA,NA,NA,1,0,0,NA,NA,,,NA,NA,,,,9.04,9.04,21,9,"Emily,Lilly",,NA,EEG,KF,377,4,351,-0.756782791,-0.756782791,0.653666434,40,70,33.15868357,75.90914456
352,421,G9,CATO,Carya,30.4,31.3,NA,CD,codom,INT,NA,NA,NA,1,0,0,NA,NA,,,NA,NA,,,,3,3,27,3,"Emily,Lilly",,NA,EEG,KF,352,5,357,-0.909284882,-0.909284882,0.416174247,40,80,37.27214535,81.24852274
353,422,G9,COFL,Others (shade tolerant),5.8,7.2,NA,OT,overtop,OT,NA,NA,NA,1,0,0,NA,NA,,,NA,NA,,,,9.93,9.93,337,53,"Emily,Lilly",,NA,EEG,KF,349,1,307,-0.768235364,-0.768235364,0.640167498,40,80,32.37142283,86.35686325
354,424,G9,FRPE,F. Pennsylvanica,7.8,8.1,NA,OT,overtop,OT,NA,1955,NA,1,0,0,NA,NA,,,NA,NA,,,,6.97,6.97,359,31,"Emily,Lilly",,NA,EEG,KF,353,6,329,0.762538949,-0.762538949,0.646942309,40,80,34.68510352,84.50918789
355,425,G9,LITU,L. Tulipifera,47.8,54.4,NA,CD,codom,CD,NA,1924,NA,1,0,0,NA,NA,,,NA,NA,,,,7.53,7.53,308,82,"Emily,Lilly",,NA,EEG,KF,350,3,278,0.999521092,-0.999521092,0.030944902,40,80,32.47360618,80.23301511
356,426,G9,QUVE,Quercus,5.4,6.2,NA,OT,overtop,OT,NA,1981,34,1,0,0,NA,NA,,,NA,NA,,,,8.46,8.46,1,29,"Emily,Lilly",,NA,EEG,KF,397,4,331,-0.905591148,-0.905591148,0.424151709,40,80,32.33869889,83.58832346
357,427,H1,CATO,Carya,8.2,9.4,NA,OT,overtop,OT,NA,NA,NA,1,0,0,NA,NA,,,NA,NA,,,,8.22,8.22,13,17,"Lilly, Emiy",,NA,EEG,KF,361,8,343,-0.536598355,-0.536598355,0.843837784,30,0,25.58916152,6.936346582
358,428,H1,FRPE,F. Pennsylvanica,19.3,22.2,NA,int2,int2,OT,NA,NA,NA,1,0,0,NA,NA,,,NA,NA,,,,9.49,9.49,25,5,"Lilly, Emiy",,NA,EEG,KF,358,5,355,-3.01E-05,-3.01E-05,1,30,0,29.99971393,9.489999996
359,429,H1,FRPE,F. Pennsylvanica,13,NA,NA,OT,overtop,,NA,NA,NA,0.75,0,0,NA,NA,,,NA,NA,FALLEN,,2,12.86,12.86,343,47,"Lilly, Emiy",,NA,EEG,KF,363,10,313,-0.91650949,-0.91650949,0.400012943,30,0,18.21368796,5.144166444
360,430,H1,LIST,Others (shade intolerant),6.2,7.4,NA,OT,overtop,OT,NA,NA,NA,1,0,0,NA,NA,,,NA,NA,,,,7.54,7.54,358,32,"Emily,Lilly",,NA,EEG,KF,360,7,328,0.956384734,-0.956384734,0.292109979,30,0,22.7888591,2.202509244
361,431,H1,LITU,L. Tulipifera,11.2,NA,NA,OT,overtop,,NA,NA,NA,0.75,0,0,NA,NA,,,NA,NA,FALLEN,,2,4.54,4.54,3,27,"Lilly, Emiy",,NA,EEG,KF,357,4,333,-0.008821166,-0.008821166,0.999961093,30,0,29.95995191,4.539823361
362,432,H1,PIEC,Others (shade intolerant),61.4,61,NA,CD,codom,,NA,1902,NA,1,0,0,NA,NA,,P,NA,1,,,2,10.72,10.72,311,79,"Lilly, Emiy",,NA,EEG,KF,354,1,281,-0.985151436,-0.985151436,0.171687645,30,0,19.4391766,1.840491556
363,433,H1,PIEC,Others (shade intolerant),49.8,50.6,NA,CD,codom,,NA,1907,NA,0.75,0,0,NA,NA,,G,NA,2,,,1,3.73,3.73,340,50,"Lilly, Emiy",,NA,EEG,KF,356,3,310,0.850887689,-0.850887689,0.525347639,30,0,26.82618892,1.959546692
364,434,H1,PIEC,Others (shade intolerant),49.1,49.4,NA,CD,codom,,NA,1907,NA,0.75,0,0,NA,NA,,G,NA,2,,,1,5.94,5.94,343,47,"Lilly, Emiy",,NA,EEG,KF,355,2,313,-0.91650949,-0.91650949,0.400012943,30,0,24.55593363,2.37607688
365,436,H1,QUAL,Quercus,8.2,6.1,NA,OT,overtop,OT,NA,NA,NA,1,0,0,NA,NA,,,NA,NA,,,,4.84,4.84,347,43,"Lilly, Emiy",,NA,EEG,KF,401,6,317,0.296339788,-0.296339788,0.955082577,30,0,28.56571542,4.622599675
366,437,H1,QURU,Quercus,11.3,12.9,NA,OT,overtop,OT,NA,1947,68,1,0,0,NA,NA,,,NA,NA,,,,7.57,7.57,311,79,"Lilly, Emiy",,NA,EEG,KF,410,9,281,-0.985151436,-0.985151436,0.171687645,30,0,22.54240363,1.299675474
367,438,H10,CAGL,Carya,17.2,18.2,NA,int2,int2,OT,NA,NA,NA,1,0,0,NA,NA,,,NA,NA,,,,12.89,12.89,333,57,"Lilly, Emiy",,NA,EEG,KF,366,3,303,0.986632505,-0.986632505,0.162961039,30,90,17.28230701,92.1005678
368,439,H10,CATO,Carya,20,21.2,NA,int2,int2,OT,NA,1934,NA,0.75,0,0,NA,NA,,,NA,NA,,,,5.83,5.83,18,12,"Lilly, Emiy",,NA,EEG,KF,365,2,348,0.656963873,-0.656963873,0.753922058,30,90,26.16990062,94.3953656
369,440,H10,COFL,Others (shade tolerant),10,12.4,NA,OT,overtop,OT,NA,1959,NA,1,0,0,NA,NA,,,NA,NA,,,,8.77,8.77,345,45,"Lilly, Emiy",,NA,EEG,KF,367,4,315,0.745133265,-0.745133265,0.6669156,30,90,23.46518127,95.84884982
370,441,H10,OXAR,Others (shade tolerant),22.5,24.5,NA,OT,overtop,OT,NA,NA,NA,1,0,0,NA,NA,,,NA,NA,,,,8.62,8.62,1,29,"Lilly, Emiy",,NA,EEG,KF,364,1,331,-0.905591148,-0.905591148,0.424151709,30,90,22.1938043,93.65618773
371,443,H2,CATO,Carya,28.5,30.6,NA,int2,int2,INT2,NA,NA,NA,0.75,0,0,NA,NA,,,NA,NA,,,,11.31,11.31,344,46,"Lilly, Emiy",,NA,EEG,KF,368,1,314,-0.158592906,-0.158592906,0.987344059,30,10,28.20631423,21.1668613
372,444,H2,OXAR,Others (shade tolerant),7.5,11.2,NA,OT,overtop,OT,NA,NA,NA,0.5,0,0,NA,NA,,,NA,NA,,,,10.35,10.35,3,27,"Lilly, Emiy",,NA,EEG,KF,369,2,333,-0.008821166,-0.008821166,0.999961093,30,10,29.90870093,20.34959731
373,445,H2,QUAL,Quercus,5.7,6.6,NA,OT,overtop,OT,NA,1956,59,0.75,0,0,NA,NA,,,NA,NA,,,,3.53,3.53,8,22,"Lilly, Emiy",,NA,EEG,KF,411,3,338,-0.961389197,-0.961389197,0.275192319,30,10,26.60629614,10.97142888
374,446,H3,CAGL,Carya,40,47.1,NA,CD,codom,,NA,1906,NA,1,0,0,NA,NA,,G,NA,1,,,1,13.97,13.97,347,43,"Lilly, Emiy",,NA,EEG,KF,371,1,317,0.296339788,-0.296339788,0.955082577,30,20,25.86013315,33.34250361
375,447,H3,CATO,Carya,15.9,15.5,NA,OT,overtop,OT,NA,NA,NA,0.75,0,0,NA,NA,,,NA,NA,,,,9.59,9.59,318,72,"Lilly, Emiy",,NA,EEG,KF,372,2,288,-0.855504371,-0.855504371,0.517795589,30,20,21.79571308,24.9656597
376,448,H3,CATO,Carya,39,42.7,NA,CD,codom,CD,NA,1916,NA,0.75,0,0,NA,NA,,,NA,NA,,,,0.9,0.9,326,64,"Lilly, Emiy",,NA,EEG,KF,375,5,296,0.636761251,-0.636761251,0.771061029,30,20,29.42691487,20.69395493
377,449,H3,FRPE,F. Pennsylvanica,5.9,7.2,NA,OT,overtop,OT,NA,1965,NA,1,0,0,NA,NA,,,NA,NA,,,,8.53,8.53,350,40,"Lilly, Emiy",,NA,EEG,KF,373,3,320,-0.428155428,-0.428155428,0.903705112,30,20,26.3478342,27.70860461
378,450,H3,NYSY,Others (shade intolerant),5.1,6.3,NA,OT,overtop,OT,NA,NA,NA,1,0,0,NA,NA,,,NA,NA,,,,9.29,9.29,9,21,"Lilly, Emiy",,NA,EEG,KF,374,4,339,-0.287874449,-0.287874449,0.957668159,30,20,27.32564637,28.89673719
379,452,H4,CATO,Carya,25.6,26.1,NA,int2,int2,INT2,NA,1916,NA,1,0,0,NA,NA,,,NA,NA,,,,4.67,4.67,331,59,"Lilly, Emiy",,NA,EEG,KF,378,3,301,-0.55876405,-0.55876405,0.829326677,30,30,27.39057189,33.87295558
380,455,H4,FRPE,F. Pennsylvanica,6,7.7,NA,OT,overtop,OT,NA,NA,NA,1,0,0,NA,NA,,,NA,NA,,,,3.93,3.93,9,21,"Lilly, Emiy",,NA,EEG,KF,379,4,339,-0.287874449,-0.287874449,0.957668159,30,30,28.86865342,33.76363586
381,456,H4,QUAL,Quercus,12.5,14,NA,OT,overtop,OT,NA,1947,68,1,0,0,NA,NA,,,NA,NA,,,,12.38,12.38,342,48,"Lilly, Emiy",,NA,EEG,KF,412,1,312,-0.831791476,-0.831791476,0.555088228,30,30,19.70242153,36.87199226
382,457,H4,QURU,Quercus,36.1,40.3,NA,CD,codom,CD,NA,1906,109,1,0,1,0,0,,,NA,NA,,,,10.61,10.61,331,59,"Lilly, Emiy",,NA,EEG,KF,70,2,301,-0.55876405,-0.55876405,0.829326677,30,30,24.07151343,38.79915604
383,459,H5,FAGR,Others (shade tolerant),10.7,11.9,NA,OT,overtop,OT,NA,NA,NA,0.25,0,0,NA,NA,,,NA,NA,,,,6.76,6.76,309,81,"Lilly, Emiy",,NA,EEG,KF,386,9,279,0.566082788,-0.566082788,0.824348396,30,40,26.17328036,45.57259515
384,460,H5,FAGR,Others (shade tolerant),8.5,8.6,NA,OT,overtop,OT,NA,NA,NA,0,0,0,NA,NA,,,NA,NA,,,,5.74,5.74,320,70,"Lilly, Emiy",,NA,EEG,KF,381,4,290,0.826845634,-0.826845634,0.562428927,30,40,25.25390606,43.22834204
385,461,H5,FAGR,Others (shade tolerant),8.1,7.9,NA,OT,overtop,OT,NA,NA,NA,0.25,0,0,NA,NA,,,NA,NA,,,,5.74,5.74,321,69,"Lilly, Emiy",,NA,EEG,KF,382,5,291,0.920014225,-0.920014225,0.391884964,30,40,24.71911835,42.24941969
386,462,H5,FAGR,Others (shade tolerant),18.3,20.3,NA,int2,int2,INT2,NA,NA,NA,0.25,0,0,NA,NA,,,NA,NA,,,,8.72,8.72,322,68,"Lilly, Emiy",,NA,EEG,KF,384,7,292,0.167325981,-0.167325981,0.985901626,30,40,28.54091745,48.59706218
387,463,H5,FAGR,Others (shade tolerant),11.9,13.3,NA,OT,overtop,OT,NA,1956,NA,0.25,0,0,NA,NA,,,NA,NA,,,,5.91,5.91,322,68,"Lilly, Emiy",,NA,EEG,KF,383,6,292,0.167325981,-0.167325981,0.985901626,30,40,29.01110345,45.82667861
388,464,H5,FAGR,Others (shade tolerant),7.6,7.7,NA,OT,overtop,OT,NA,NA,NA,0.25,0,0,NA,NA,,,NA,NA,,,,9.08,9.08,322,68,"Lilly, Emiy",,NA,EEG,KF,385,8,292,0.167325981,-0.167325981,0.985901626,30,40,28.48068009,48.95198676
389,466,H5,LITU,L. Tulipifera,76.4,82.3,NA,CD,codom,CD,NA,NA,NA,1,0,0,NA,NA,,,NA,NA,,,,9.1,9.1,12,18,"Lilly, Emiy",,NA,EEG,KF,380,1,342,0.420139682,-0.420139682,0.907459447,30,40,26.17672889,48.25788096
390,468,H6,CATO,Carya,19.6,NA,NA,int2,int2,,NA,1917,NA,1,0,0,NA,NA,,,1,1,FALLEN,,2,3.98,3.98,309,81,"Lilly, Emiy",,NA,EEG,KF,390,4,279,0.566082788,-0.566082788,0.824348396,30,50,27.7469905,53.28090661
391,468,H6,CATO,Carya,19.6,NA,NA,int2,int2,,NA,1918,NA,0.5,0,0,NA,NA,,,1,1,FALLEN,,2,3.98,9.02,309,68,"Lilly, Emiy",,NA,EEG,KF,392,6,292,0.167325981,-0.167325981,0.985901626,30,50,28.49071965,58.89283267
392,469,H6,CATO,Carya,19.6,22,NA,int2,int2,OT,NA,1917,NA,1,0,0,NA,NA,,,NA,NA,,,,9.02,3.98,322,81,"Lilly, Emiy",,NA,EEG,KF,390,4,279,0.566082788,-0.566082788,0.824348396,30,50,27.7469905,53.28090661
393,469,H6,CATO,Carya,19.6,22,NA,int2,int2,OT,NA,1918,NA,0.5,0,0,NA,NA,,,NA,NA,,,,9.02,9.02,322,68,"Lilly, Emiy",,NA,EEG,KF,392,6,292,0.167325981,-0.167325981,0.985901626,30,50,28.49071965,58.89283267
394,470,H6,CATO,Carya,5.3,5.6,NA,OT,overtop,OT,NA,NA,NA,0.75,0,0,NA,NA,,,NA,NA,,,,10.36,10.36,354,36,"Lilly, Emiy",,NA,EEG,KF,387,1,324,-0.404065219,-0.404065219,0.914730178,30,50,25.81388433,59.47660464
395,471,H6,FRPE,F. Pennsylvanica,5.3,6.9,NA,OT,overtop,OT,NA,NA,NA,0.5,0,0,NA,NA,,,NA,NA,,,,7.55,7.55,2,28,"Lilly, Emiy",,NA,EEG,KF,388,2,332,-0.846204342,-0.846204342,0.532858529,30,50,23.61115722,54.02308189
396,471,H6,FRPE,F. Pennsylvanica,5.3,6.9,NA,OT,overtop,OT,NA,NA,NA,0.75,0,0,NA,NA,,,NA,NA,,,,7.55,5.44,2,62,"Lilly, Emiy",,NA,EEG,KF,389,3,298,0.436137629,-0.436137629,0.899879974,30,50,27.6274113,54.89534706
397,472,H6,FRPE,F. Pennsylvanica,5.3,6.8,NA,OT,overtop,OT,NA,NA,NA,0.5,0,0,NA,NA,,,NA,NA,,,,5.44,7.55,328,28,"Lilly, Emiy",,NA,EEG,KF,388,2,332,-0.846204342,-0.846204342,0.532858529,30,50,23.61115722,54.02308189
398,472,H6,FRPE,F. Pennsylvanica,5.3,6.8,NA,OT,overtop,OT,NA,NA,NA,0.75,0,0,NA,NA,,,NA,NA,,,,5.44,5.44,328,62,"Lilly, Emiy",,NA,EEG,KF,389,3,298,0.436137629,-0.436137629,0.899879974,30,50,27.6274113,54.89534706
399,473,H6,FRPE,F. Pennsylvanica,5.8,7.7,NA,OT,overtop,OT,NA,NA,NA,0.75,0,0,NA,NA,,,NA,NA,,,,10.45,10.45,337,53,"Lilly, Emiy",,NA,EEG,KF,391,5,307,-0.768235364,-0.768235364,0.640167498,30,50,21.97194044,56.68975035
400,474,H7,CATO,Carya,9.5,11.1,NA,OT,overtop,,NA,1961,NA,0.75,0,0,NA,NA,,P,NA,1,,,2,9.24,9.24,0,30,"Lilly, Emiy",,NA,EEG,KF,396,4,330,-0.132381629,-0.132381629,0.991198822,30,60,28.77679375,69.15867711
401,475,H7,CATO,Carya,6.1,6.1,NA,OT,overtop,OT,NA,NA,NA,0.75,0,0,NA,NA,,,NA,NA,,,,14.06,14.06,353,37,"Lilly, Emiy",,NA,EEG,KF,393,1,323,0.551401534,-0.551401534,0.834239983,30,60,22.24729443,71.72941415
402,476,H7,CATO,Carya,5.1,5.3,NA,int1,int1,INT1,NA,NA,NA,0.5,0,0,NA,NA,,,NA,NA,,,,12.86,12.86,357,33,"Lilly, Emiy",,NA,EEG,KF,394,2,327,0.270934805,-0.270934805,0.9625977,30,60,26.5157784,72.37900642
403,479,H7,QURU,Quercus,54.2,57.3,NA,CD,codom,CD,NA,1897,118,1,0,2,4,0.033898305,,,NA,NA,,,,8.71,8.71,357,33,"Lilly, Emiy",,NA,EEG,KF,27,5,327,0.270934805,-0.270934805,0.9625977,30,60,27.64015785,68.38422596
404,480,H8,HACA,Others (shade tolerant),7.2,NA,NA,int1,int1,,NA,NA,NA,1,0,0,NA,NA,,,NA,NA,FALLEN,,2,9.67,9.67,0,30,"Lilly, Emiy",,NA,EEG,KF,398,1,330,-0.132381629,-0.132381629,0.991198822,30,70,28.71986965,79.58489261
405,481,H8,HACA,Others (shade tolerant),6.1,NA,NA,int1,int1,,NA,1990,NA,1,0,0,NA,NA,,,NA,NA,FALLEN,,2,7.11,7.11,5,25,"Lilly, Emiy",,NA,EEG,KF,399,2,335,0.912932949,-0.912932949,0.408109582,30,70,23.50904673,72.90165913
406,482,H8,QUAL,Quercus,5.2,NA,NA,OT,overtop,,NA,NA,NA,1,0,0,NA,NA,,,NA,NA,FALLEN,,2,9.85,9.85,331,59,"Lilly, Emiy",,NA,EEG,KF,414,4,301,-0.55876405,-0.55876405,0.829326677,30,70,24.49617411,78.16886777
407,483,H8,TIAM,Others (shade tolerant),8.6,NA,NA,int1,int1,,NA,NA,NA,1,0,0,NA,NA,,,NA,NA,FALLEN,,2,10.63,10.63,21,9,"Lilly, Emiy",,NA,EEG,KF,400,3,351,-0.756782791,-0.756782791,0.653666434,30,70,21.95539893,76.94847419
408,484,H9,CATO,Carya,41.4,44.6,NA,CD,codom,CD,NA,1907,NA,0.5,0,0,NA,NA,,,NA,NA,,,,9.76,9.76,303,87,"Lilly, Emiy",,NA,EEG,KF,408,9,273,0.313200155,-0.313200155,0.94968714,30,80,26.94316649,89.26894648
409,485,H9,CATO,Carya,18.2,NA,NA,int2,int2,,NA,1930,NA,0.75,0,0,NA,NA,,,NA,NA,FALLEN,,2,6.97,6.97,340,50,"Lilly, Emiy",,NA,EEG,KF,404,4,310,0.850887689,-0.850887689,0.525347639,30,80,24.06931281,83.66167304
410,486,H9,CATO,Carya,10.2,NA,NA,OT,overtop,,NA,NA,NA,1,0,0,NA,NA,,,NA,NA,FALLEN,,2,3.82,3.82,357,33,"Lilly, Emiy",,NA,EEG,KF,403,3,327,0.270934805,-0.270934805,0.9625977,30,80,28.96502904,83.67712321
411,487,H9,FAGR,Others (shade tolerant),15.3,16.7,NA,int1,int1,OT,NA,NA,NA,1,0,0,NA,NA,,,NA,NA,,,,10.02,10.02,328,62,"Lilly, Emiy",,NA,EEG,KF,407,8,298,0.436137629,-0.436137629,0.899879974,30,80,25.62990096,89.01679734
412,489,H9,OSVI,Others (shade tolerant),8.4,11.1,NA,int1,int1,INT1,NA,NA,NA,1,0,0,NA,NA,,,NA,NA,,,,6.21,6.21,24,6,"Lilly, Emiy",,NA,EEG,KF,402,2,354,0.841454697,-0.841454697,0.540327671,30,80,24.77456633,83.35543484
413,490,H9,OXAR,Others (shade tolerant),14.6,17.9,NA,OT,overtop,OT,NA,NA,NA,0.5,0,0,NA,NA,,,NA,NA,,,,7.65,7.65,318,72,"Lilly, Emiy",,NA,EEG,KF,405,5,288,-0.855504371,-0.855504371,0.517795589,30,80,23.45539156,83.96113625
414,491,H9,OXAR,Others (shade tolerant),23.6,27.7,NA,int2,int2,INT2,NA,NA,NA,0.75,0,0,NA,NA,,,NA,NA,,,,8.64,8.64,352,38,"Lilly, Emiy",,NA,EEG,KF,406,6,322,0.99991226,-0.99991226,0.013246606,30,80,21.36075807,80.11445067
415,493,I1,CAGL,Carya,7.6,8.2,NA,OT,overtop,OT,NA,NA,NA,1,0,0,NA,NA,,,NA,NA,,,,1.68,1.68,341,49,"Lilly, Emiy",,NA,EEG,KF,416,8,311,0.017671785,-0.017671785,0.999843842,20,0,19.9703114,1.679737654
416,494,I1,CAGL,Carya,25.4,27.7,NA,int3,int3,INT3,NA,1919,NA,1,0,0,NA,NA,,,NA,NA,,,,10.76,10.76,352,38,"Lilly, Emiy",,NA,EEG,KF,409,1,322,0.99991226,-0.99991226,0.013246606,20,0,9.240944084,0.142533475
417,495,I1,CATO,Carya,15,13.9,NA,OT,overtop,OT,NA,NA,NA,1,0,0,NA,NA,,,NA,NA,,,,5.62,5.62,330,60,"Lilly, Emiy",,NA,EEG,KF,415,7,300,-0.99975584,-0.99975584,0.022096619,20,0,14.38137218,0.124183
418,496,I1,FRPE,F. Pennsylvanica,12.7,13.7,NA,OT,overtop,OT,NA,1941,NA,1,0,0,NA,NA,,,NA,NA,,,,6.85,6.85,340,50,"Lilly, Emiy",,NA,EEG,KF,413,5,310,0.850887689,-0.850887689,0.525347639,20,0,14.17141933,3.598631324
419,498,I1,QUAL,Quercus,9.3,9.5,NA,OT,overtop,OT,NA,NA,NA,1,0,0,NA,NA,,,NA,NA,,,,8.13,8.13,14,16,"Lilly, Tegan",6/17/2025,NA,EEG,KF,420,10,344,-0.99999034,-0.99999034,0.004395554,20,0,11.87007854,0.035735853
420,499,I1,QUAL,Quercus,10.2,10.8,NA,OT,overtop,OT,NA,1954,61,1,0,0,NA,NA,,,NA,NA,,,,11.06,11.06,320,70,"Lilly, Tegan",6/17/2025,NA,EEG,KF,419,4,290,0.826845634,-0.826845634,0.562428927,20,0,10.85508729,6.22046393
421,500,I1,QUAL,Quercus,7.6,8.4,NA,OT,overtop,OT,NA,1951,64,0.75,0,0,NA,NA,,,NA,NA,,,,11.07,11.07,347,43,"Lilly, Emiy",,NA,EEG,KF,417,2,317,0.296339788,-0.296339788,0.955082577,20,0,16.71951854,10.57276413
422,501,I1,QURU,Quercus,50,54.7,NA,CD,codom,CD,NA,1917,98,1,0,2,3,0.030612245,,,NA,NA,,,,13.65,13.65,343,47,"Lilly, Emiy",,NA,EEG,KF,46,3,313,-0.91650949,-0.91650949,0.400012943,20,0,7.489645459,5.460176669
423,502,I1,QUST,Quercus,31.3,34.2,NA,int3,int3,int3,NA,1906,109,1,0,0,NA,NA,,,NA,NA,,,,4.49,4.49,329,61,"Lilly, Tegan",6/17/2025,NA,EEG,KF,78,6,299,-0.521576722,-0.521576722,0.853204386,20,0,17.65812052,3.830887691
424,508,I10,COFL,Others (shade tolerant),8.1,9,NA,OT,overtop,OT,NA,1961,NA,1,0,0,NA,NA,,,NA,NA,,,,14,14,339,51,"Lilly, Tegan",6/17/2025,NA,EEG,KF,418,2,309,0.901801375,-0.901801375,0.432150761,20,90,7.374780751,96.05011065
425,510,I2,QUAL,Quercus,9,9.5,NA,OT,overtop,OT,NA,NA,NA,0.75,0,0,NA,NA,,,NA,NA,,,,9.08,9.08,10,20,"Lilly, Tegan",6/17/2025,NA,EEG,KF,434,4,340,0.65031074,-0.65031074,0.75966831,20,10,14.09517848,16.89778825
426,511,I2,QUAL,Quercus,11.3,12,NA,OT,overtop,OT,NA,1951,64,0.5,0,0,NA,NA,,,NA,NA,,,,9.4,9.4,324,66,"Lilly, Tegan",6/17/2025,NA,EEG,KF,433,2,294,-0.966109989,-0.966109989,0.258130759,20,10,10.9185661,12.42642913
427,512,I2,QUAL,Quercus,14.3,16.3,NA,OT,overtop,OT,NA,1949,66,0.75,0,0,NA,NA,,,NA,NA,,,,12.57,12.57,335,55,"Lilly, Tegan",6/17/2025,NA,EEG,KF,422,1,305,-0.262403942,-0.262403942,0.964958119,20,10,16.70158245,22.12952355
428,513,I2,SAAL,Others (shade intolerant),8.5,NA,NA,OT,overtop,,NA,NA,NA,1,0,0,NA,NA,,,NA,NA,FALLEN,,2,6.48,6.48,20,10,"Lilly, Tegan",6/17/2025,NA,EEG,KF,421,3,350,-0.958932825,-0.958932825,0.283633279,20,10,13.78611529,11.83794365
429,514,I3,FRPE,F. Pennsylvanica,8.8,11.1,NA,OT,overtop,INT1,NA,1954,NA,1,0,0,NA,NA,,,NA,NA,,,,8.63,8.63,327,63,"Lilly, Tegan",6/17/2025,NA,EEG,KF,425,3,297,0.992869055,-0.992869055,0.119210065,20,20,11.43154006,21.02878286
430,515,I3,FRPE,F. Pennsylvanica,6.7,7.9,NA,OT,overtop,INT1,NA,NA,NA,0.5,0,0,NA,NA,,,NA,NA,,,,11.85,11.85,342,48,"Lilly, Tegan",6/17/2025,NA,EEG,KF,426,4,312,-0.831791476,-0.831791476,0.555088228,20,20,10.14327101,26.5777955
431,516,I3,FRPE,F. Pennsylvanica,8.3,10.3,NA,OT,overtop,OT,NA,NA,NA,0.5,0,0,NA,NA,,,NA,NA,,,,11.36,11.36,351,39,"Lilly, Tegan",6/17/2025,NA,EEG,KF,423,1,321,0.529108265,-0.529108265,0.848554326,20,20,13.9893301,29.63957714
432,517,I3,LITU,L. Tulipifera,55.6,61.7,NA,CD,codom,CD,NA,NA,NA,1,0,0,NA,NA,,,NA,NA,,,,9.47,9.47,342,48,"Lilly, Tegan",6/17/2025,NA,EEG,KF,424,2,312,-0.831791476,-0.831791476,0.555088228,20,20,12.12293472,25.25668552
433,518,I4,FRPE,F. Pennsylvanica,10.6,12.3,NA,OT,overtop,OT,NA,NA,NA,0.5,0,0,NA,NA,,,NA,NA,,,,6.14,6.14,317,73,"Lilly, Tegan",6/17/2025,NA,EEG,KF,430,4,287,-0.897940948,-0.897940948,0.440115955,20,30,14.48664258,32.70231196
434,519,I4,FRPE,F. Pennsylvanica,6.2,6.8,NA,OT,overtop,OT,NA,1966,NA,0.75,0,0,NA,NA,,,NA,NA,,,,3.92,3.92,341,49,"Lilly, Tegan",6/17/2025,NA,EEG,KF,428,2,311,0.017671785,-0.017671785,0.999843842,20,30,19.9307266,33.91938786
435,520,I4,FRPE,F. Pennsylvanica,9.3,13.3,NA,OT,overtop,OT,NA,NA,NA,0.25,0,0,NA,NA,,,NA,NA,,,,8.38,8.38,349,41,"Lilly, Tegan",6/17/2025,NA,EEG,KF,429,3,319,-0.991774996,-0.991774996,0.127993586,20,30,11.68892554,31.07258625
436,522,I5,FRPE,F. Pennsylvanica,7.2,8.2,NA,OT,overtop,OT,NA,NA,NA,1,0,0,NA,NA,,,NA,NA,,,,7.57,7.57,319,71,"Lilly, Tegan",6/17/2025,NA,EEG,KF,432,2,289,-0.02652102,-0.02652102,0.999648256,20,40,19.79923588,47.5673373
437,523,I5,NYSY,Others (shade intolerant),27.1,27.8,NA,int2,int2,OT,NA,NA,NA,1,0,0,NA,NA,,,NA,NA,,,,4.1,4.1,328,62,"Lilly, Tegan",6/17/2025,NA,EEG,KF,431,1,298,0.436137629,-0.436137629,0.899879974,20,40,18.21183572,43.6895079
438,524,I5,QUAL,Quercus,9.6,9.6,NA,int1,int1,INT1,NA,1947,68,1,0,0,NA,NA,,,NA,NA,,,,9.92,9.92,334,56,"Lilly, Tegan",6/17/2025,NA,EEG,KF,444,3,304,0.670206804,-0.670206804,0.7421744,20,40,13.35154851,47.36237005
439,525,I6,ACRU,Others (shade tolerant),7.8,10.2,NA,OT,overtop,OT,NA,NA,NA,1,0,0,NA,NA,,,NA,NA,,,,8.68,8.68,25,5,"Lilly, Tegan",6/17/2025,NA,EEG,KF,438,6,355,-3.01E-05,-3.01E-05,1,20,50,19.99973835,58.68
440,526,I6,CATO,Carya,28.5,34,NA,int2,int2,INT2,NA,1910,NA,1,0,0,NA,NA,,,NA,NA,,,,11.85,11.85,7,23,"Lilly, Tegan",6/17/2025,NA,EEG,KF,435,3,337,-0.751007151,-0.751007151,0.66029407,20,50,11.10056526,57.82448473
441,528,I6,FRPE,F. Pennsylvanica,9.3,11.8,NA,OT,overtop,OT,NA,NA,NA,1,0,0,NA,NA,,,NA,NA,,,,11.99,11.99,13,17,"Lilly, Tegan",6/17/2025,NA,EEG,KF,436,4,343,-0.536598355,-0.536598355,0.843837784,20,50,13.56618572,60.11761503
442,529,I6,FRPE,F. Pennsylvanica,11.6,11.9,NA,OT,overtop,OT,NA,NA,NA,0.75,0,0,NA,NA,,,NA,NA,,,,9.14,9.14,14,16,"Lilly, Tegan",6/17/2025,NA,EEG,KF,437,5,344,-0.99999034,-0.99999034,0.004395554,20,50,10.8600883,50.04017536
443,530,I6,FRPE,F. Pennsylvanica,10.1,11.5,NA,OT,overtop,OT,NA,1954,NA,0.75,0,0,NA,NA,,,NA,NA,,,,11.72,11.72,347,43,"Lilly, Tegan",6/17/2025,NA,EEG,KF,440,8,317,0.296339788,-0.296339788,0.955082577,20,50,16.52689768,61.19356781
444,531,I6,QUAL,Quercus,81.7,87,NA,D,dom,D,NA,1811,204,1,2,0,2,0.009803922,,,NA,NA,,,,13.93,13.93,355,35,"Lilly, Tegan",6/17/2025,NA,EEG,KF,59,1,325,-0.988036273,-0.988036273,0.154221666,20,50,6.236654711,52.14830781
445,532,I6,TIAM,Others (shade tolerant),10.8,13.2,NA,OT,overtop,OT,NA,NA,NA,1,0,0,NA,NA,,,NA,NA,,,,7.56,7.56,344,46,"Lilly, Tegan",6/17/2025,NA,EEG,KF,439,7,314,-0.158592906,-0.158592906,0.987344059,20,50,18.80103763,57.46432108
446,533,I7,CATO,Carya,27,28.7,NA,int2,int2,OT,NA,1918,NA,1,0,0,NA,NA,,,NA,NA,,,,9.98,9.98,7,23,"Lilly, Tegan",6/17/2025,NA,EEG,KF,443,3,337,-0.751007151,-0.751007151,0.66029407,20,60,12.50494863,66.58973482
447,534,I7,LIST,Others (shade intolerant),11,16.7,NA,OT,overtop,OT,NA,NA,NA,1,0,0,NA,NA,,,NA,NA,,,,7.24,7.24,324,66,"Lilly, Tegan",6/17/2025,NA,EEG,KF,445,5,294,-0.966109989,-0.966109989,0.258130759,20,60,13.00536368,61.86886669
448,535,I7,QUAL,Quercus,26.2,27,NA,int2,int2,,NA,1914,101,1,0,0,NA,NA,,,NA,NA,,,,9.71,9.71,344,46,"Lilly, Tegan",6/17/2025,NA,EEG,KF,464,4,314,-0.158592906,-0.158592906,0.987344059,20,60,18.46006288,69.58711081
449,536,I7,RHCA,Others (shade tolerant),7.6,NA,NA,OT,overtop,,NA,NA,NA,1,0,0,NA,NA,,,NA,NA,FALLEN,,2,11.5,11.5,16,14,"Lilly, Tegan",6/17/2025,NA,EEG,KF,441,1,346,0.41214595,-0.41214595,0.911117838,20,60,15.26032157,70.47785514
450,537,I7,RHCA,Others (shade tolerant),5.8,NA,NA,OT,overtop,,NA,NA,NA,1,0,0,NA,NA,,,NA,NA,FALLEN,,2,11.3,11.3,17,13,"Lilly, Tegan",6/17/2025,NA,EEG,KF,442,2,347,0.989362632,-0.989362632,0.14547021,20,60,8.820202256,61.64381338
451,538,I8,CATO,Carya,21,22,NA,int2,int2,INT2,NA,1925,NA,1,0,0,NA,NA,,,NA,NA,,,,8.49,8.49,329,61,"Lilly, Tegan",6/17/2025,NA,EEG,KF,447,3,299,-0.521576722,-0.521576722,0.853204386,20,70,15.57181363,77.24370523
452,540,I8,LIST,Others (shade intolerant),6.4,12,NA,int1,int1,INT2,NA,NA,NA,1,0,0,NA,NA,,,NA,NA,,,,9.67,9.67,6,24,"Lilly, Tegan",6/17/2025,NA,EEG,KF,446,1,336,0.149847406,-0.149847406,0.988709136,20,70,18.55097559,79.56081734
453,541,I9,CATO,Carya,24.8,23.1,NA,CD,codom,,NA,1924,NA,0.5,0,0,NA,NA,,,NA,NA,,,,4.55,4.55,12,18,"Lilly, Tegan",6/17/2025,NA,EEG,KF,451,4,342,0.420139682,-0.420139682,0.907459447,20,80,18.08836445,84.12894048
454,542,I9,CATO,Carya,13.5,NA,NA,int2,int2,,NA,NA,NA,0.5,0,0,NA,NA,,,NA,NA,FALLEN,,2,10.93,10.93,324,66,"Lilly, Tegan",6/17/2025,NA,EEG,KF,448,1,294,-0.966109989,-0.966109989,0.258130759,20,80,9.440417817,82.82136919
455,543,I9,CATO,Carya,14.8,16.1,NA,int2,int2,OT,NA,1934,NA,0.5,0,0,NA,NA,,,NA,NA,,,,6.11,6.11,337,53,"Lilly, Tegan",6/17/2025,NA,EEG,KF,453,6,307,-0.768235364,-0.768235364,0.640167498,20,80,15.30608192,83.91142341
456,544,I9,CATO,Carya,16.1,17.2,NA,int2,int2,,NA,NA,NA,0.5,0,0,NA,NA,,G,NA,1,,,1,5.47,5.47,347,43,"Lilly, Tegan",6/17/2025,NA,EEG,KF,452,5,317,0.296339788,-0.296339788,0.955082577,20,80,18.37902136,85.2243017
457,545,I9,FAGR,Others (shade tolerant),14.3,15.2,NA,OT,overtop,OT,NA,NA,NA,1,0,0,NA,NA,,,NA,NA,,,,9.17,9.17,3,27,"Lilly, Tegan",6/17/2025,NA,EEG,KF,455,8,333,-0.008821166,-0.008821166,0.999961093,20,80,19.91910991,89.16964322
458,546,I9,FAGR,Others (shade tolerant),18,24.7,NA,int2,int2,INT2,NA,NA,NA,1,0,0,NA,NA,,,NA,NA,,,,9.42,9.42,4,26,"Lilly, Tegan",6/17/2025,NA,EEG,KF,454,7,334,0.836672149,-0.836672149,0.54770404,20,80,12.11854836,85.15937205
459,549,I9,OXAR,Others (shade tolerant),9.6,11.5,NA,OT,overtop,INT1,NA,NA,NA,0.5,0,0,NA,NA,,,NA,NA,,,,3.93,3.93,3,27,"Lilly, Tegan",6/17/2025,NA,EEG,KF,450,3,333,-0.008821166,-0.008821166,0.999961093,20,80,19.96533282,83.92984709
460,550,J1,DIVI,Others (shade tolerant),42.5,43.3,NA,int2,int2,INT2,NA,NA,NA,1,0,0,NA,NA,,,NA,NA,,,,5.28,5.28,323,67,"Lilly, Tegan",6/17/2025,NA,EEG,KF,456,1,293,-0.739200999,-0.739200999,0.67348488,10,0,6.097018727,3.556000166
461,551,J1,OXAR,Others (shade tolerant),27.1,27.6,NA,OT,overtop,OT,NA,1963,NA,1,0,0,NA,NA,,,NA,NA,,,,8.61,8.61,350,40,"Lilly, Tegan",6/17/2025,NA,EEG,KF,457,2,320,-0.428155428,-0.428155428,0.903705112,10,0,6.313581764,7.780901014
462,553,J10,CATO,Carya,5.3,NA,NA,OT,overtop,,NA,NA,NA,0.75,0,0,NA,NA,,,NA,NA,FALLEN,,2,8.31,8.31,318,72,"Lilly, Tegan",6/17/2025,NA,EEG,KF,462,5,288,-0.855504371,-0.855504371,0.517795589,10,90,2.890758679,94.30288134
463,555,J10,LITU,L. Tulipifera,76.7,81.1,NA,CD,codom,,NA,NA,NA,0.75,0,0,NA,NA,,,NA,NA,,,,3.46,3.46,322,68,"Lilly, Tegan",6/17/2025,NA,EEG,KF,460,3,292,0.167325981,-0.167325981,0.985901626,10,90,9.421052106,93.41121963
464,556,J10,LITU,L. Tulipifera,82.7,90,NA,CD,codom,,NA,1805,NA,0.75,0,0,NA,NA,,,NA,NA,,,,7.95,7.95,325,65,"Lilly, Tegan",6/17/2025,NA,EEG,KF,461,4,295,-0.304781911,-0.304781911,0.952422168,10,90,7.576983807,97.57175624
465,557,J10,NYSY,Others (shade intolerant),29.1,29.1,NA,OT,overtop,,NA,1843,NA,1,0,0,NA,NA,,P,NA,1,,,2,8.6,8.6,12,18,"Lilly, Tegan",6/17/2025,NA,EEG,KF,458,1,342,0.420139682,-0.420139682,0.907459447,10,90,6.386798733,97.80415124
466,558,J2,CATO,Carya,46,48.3,NA,CD,codom,CD,NA,1903,NA,1,0,0,NA,NA,,,NA,NA,,,,9.89,9.89,339,51,"Lilly, Tegan",6/17/2025,NA,EEG,KF,466,4,309,0.901801375,-0.901801375,0.432150761,10,10,1.081184402,14.27397102
467,560,J2,FRPE,F. Pennsylvanica,11.7,14.1,NA,OT,overtop,OT,NA,NA,NA,0.75,0,0,NA,NA,,,NA,NA,,,,13.17,13.17,343,47,"Lilly, Tegan",6/17/2025,NA,EEG,KF,467,5,313,-0.91650949,-0.91650949,0.400012943,10,10,-2.070429986,15.26817046
468,561,J2,LITU,L. Tulipifera,64.5,68.4,NA,CD,codom,CD,NA,NA,NA,1,0,0,NA,NA,,,NA,NA,,,,8.98,8.98,2,28,"Lilly, Tegan",6/17/2025,NA,EEG,KF,463,1,332,-0.846204342,-0.846204342,0.532858529,10,10,2.40108501,14.78506959
469,562,J2,QUAL,Quercus,7.4,9.3,NA,OT,overtop,OT,NA,1951,64,0.75,0,0,NA,NA,,,NA,NA,,,,6.92,6.92,351,39,"Lilly, Tegan",6/17/2025,NA,EEG,KF,478,2,321,0.529108265,-0.529108265,0.848554326,10,10,6.338570803,15.87199593
470,563,J2,RHCA,Others (shade tolerant),5.5,7.2,NA,OT,overtop,OT,NA,1994,NA,1,0,0,NA,NA,,,NA,NA,,,,6.3,6.3,322,68,"Lilly, Tegan",6/17/2025,NA,EEG,KF,465,3,292,0.167325981,-0.167325981,0.985901626,10,10,8.94584632,16.21118024
471,564,J3,CATO,Carya,13.5,14.1,NA,OT,overtop,,NA,NA,NA,1,0,0,NA,NA,,G,NA,1,,,1,8.07,8.07,340,50,"Lilly, Tegan",6/17/2025,NA,EEG,KF,473,6,310,0.850887689,-0.850887689,0.525347639,10,20,3.133336353,24.23955544
472,565,J3,FRPE,F. Pennsylvanica,8.6,NA,NA,OT,overtop,,NA,NA,NA,1,0,0,NA,NA,,,NA,NA,FALLEN,,2,7.52,7.52,8,22,"Lilly, Tegan",6/17/2025,NA,EEG,KF,474,7,338,-0.961389197,-0.961389197,0.275192319,10,20,2.77035324,22.06944624
473,566,J3,FRPE,F. Pennsylvanica,8.1,10.6,NA,OT,overtop,OT,NA,NA,NA,0.5,0,0,NA,NA,,,NA,NA,,,,10.57,10.57,316,74,"Lilly, Tegan",6/17/2025,NA,EEG,KF,471,4,286,-0.114814759,-0.114814759,0.993386919,10,20,8.786407999,30.50009974
474,567,J3,LIST,Others (shade intolerant),9.5,12.4,NA,OT,overtop,CD,NA,NA,NA,1,0,0,NA,NA,,,NA,NA,,,,6.15,6.15,339,51,"Lilly, Tegan",6/17/2025,NA,EEG,KF,472,5,309,0.901801375,-0.901801375,0.432150761,10,20,4.453921544,22.65772718
475,568,J3,NYSY,Others (shade intolerant),30,32.5,NA,int2,int2,INT2,NA,NA,NA,1,0,0,NA,NA,,,NA,NA,,,,8.35,8.35,310,80,"Lilly, Tegan",6/17/2025,NA,EEG,KF,469,2,280,-0.387809421,-0.387809421,0.92173958,10,20,6.761791336,27.69652549
476,569,J3,OXAR,Others (shade tolerant),20.9,23.4,NA,OT,overtop,OT,NA,1948,NA,1,0,0,NA,NA,,,NA,NA,,,,2.64,2.64,304,86,"Lilly, Tegan",6/17/2025,NA,EEG,KF,468,1,274,-0.629911407,-0.629911407,0.776666994,10,20,8.337033886,22.05040086
477,570,J3,TIAM,Others (shade tolerant),11.8,NA,NA,OT,overtop,,NA,NA,NA,1,0,0,NA,NA,,,NA,NA,FALLEN,,2,9.69,9.69,318,72,"Lilly, Tegan",6/17/2025,NA,EEG,KF,470,3,288,-0.855504371,-0.855504371,0.517795589,10,20,1.710162647,25.01743925
478,571,J4,CATO,Carya,10.7,NA,NA,OT,overtop,,NA,NA,NA,1,0,0,NA,NA,,,NA,NA,FALLEN,,2,9.8,9.8,7,23,"Lilly, Tegan",6/17/2025,NA,EEG,KF,477,3,337,-0.751007151,-0.751007151,0.66029407,10,30,2.640129918,36.47088189
479,574,J4,Crataegus spp.,Others (shade tolerant),5.8,NA,NA,OT,overtop,,NA,NA,NA,1,0,0,NA,NA,,P,NA,1,,,2,9.78,9.78,358,32,"Lilly, Tegan",6/17/2025,NA,EEG,KF,479,5,328,0.956384734,-0.956384734,0.292109979,10,30,0.646557298,32.8568356
480,575,J4,NYSY,Others (shade intolerant),6,9.4,NA,OT,overtop,OT,NA,1966,NA,0.75,0,0,NA,NA,,,NA,NA,,,,7.12,7.12,336,54,"Lilly, Tegan",6/17/2025,NA,EEG,KF,476,2,306,-0.953761713,-0.953761713,0.300563793,10,30,3.2092166,32.14001421
481,576,J4,NYSY,Others (shade intolerant),7.4,11.1,NA,OT,overtop,OT,NA,NA,NA,0.75,0,0,NA,NA,,,NA,NA,,,,13.26,13.26,346,44,"Lilly, Tegan",6/17/2025,NA,EEG,KF,480,6,316,0.963787348,-0.963787348,0.266671985,10,30,-2.779820235,33.53607052
482,578,J4,QUAL,Quercus,6.8,9.5,NA,OT,overtop,OT,NA,NA,NA,1,0,0,NA,NA,,,NA,NA,,,,11.03,11.03,348,42,"Lilly, Tegan",6/17/2025,NA,EEG,KF,483,4,318,-0.643561206,-0.643561206,0.765394653,10,30,2.901519898,38.44230302
483,579,J5,FAGR,Others (shade tolerant),12.5,14.7,NA,int1,int1,INT1,NA,NA,NA,0.75,0,0,NA,NA,,,NA,NA,,,,4.81,4.81,318,72,"Lilly, Tegan",6/17/2025,NA,EEG,KF,485,4,288,-0.855504371,-0.855504371,0.517795589,10,40,5.885023977,42.49059678
484,580,J5,FAGR,Others (shade tolerant),5.9,5.6,NA,OT,overtop,OT,NA,NA,NA,0.75,0,0,NA,NA,,,NA,NA,,,,5.01,5.01,319,71,"Lilly, Tegan",6/17/2025,NA,EEG,KF,486,5,289,-0.02652102,-0.02652102,0.999648256,10,40,9.867129688,45.00823776
485,581,J5,FRPE,F. Pennsylvanica,7,11,NA,OT,overtop,OT,NA,1969,NA,0.75,0,0,NA,NA,,,NA,NA,,,,4.88,4.88,3,27,"Lilly, Tegan",6/17/2025,NA,EEG,KF,482,1,333,-0.008821166,-0.008821166,0.999961093,10,40,9.956952709,44.87981013
486,584,J5,QURU,Quercus,63.3,NA,NA,CD,codom,,NA,NA,97,1,0,1,3,0.030927835,,UR,NA,1,FALLEN,,2,11.41,11.41,1,29,"Lilly, Tegan",6/17/2025,NA,EEG,KF,49,2,331,-0.905591148,-0.905591148,0.424151709,10,40,-0.332795001,44.839571
487,585,J6,CATO,Carya,12,18.5,NA,OT,overtop,OT,NA,NA,NA,0.75,0,0,NA,NA,,,NA,NA,,,,11.01,11.01,340,50,"Lilly, Tegan",6/17/2025,NA,EEG,KF,489,3,310,0.850887689,-0.850887689,0.525347639,10,50,0.631726548,55.7840775
488,586,J6,CATO,Carya,20,23.7,NA,OT,overtop,INT3,NA,1918,NA,0.75,0,0,NA,NA,,,NA,NA,,,,9.65,9.65,359,31,"Lilly, Tegan",6/17/2025,NA,EEG,KF,488,2,329,0.762538949,-0.762538949,0.646942309,10,50,2.641499141,56.24299328
489,590,J6,FRPE,F. Pennsylvanica,11.5,12.8,NA,OT,overtop,OT,NA,1947,NA,0.75,0,0,NA,NA,,,NA,NA,,,,6.26,6.26,333,57,"Lilly, Tegan",6/17/2025,NA,EEG,KF,490,4,303,0.986632505,-0.986632505,0.162961039,10,50,3.82368052,51.02013611
490,592,J7,FRPE,F. Pennsylvanica,7.3,9.8,NA,OT,overtop,OT,NA,NA,NA,1,0,0,NA,NA,,,NA,NA,,,,2.87,2.87,355,35,"Lilly, Tegan",6/17/2025,NA,EEG,KF,496,5,325,-0.988036273,-0.988036273,0.154221666,10,60,7.164335895,60.44261618
491,593,J7,OXAR,Others (shade tolerant),13.8,NA,NA,int1,int1,,NA,NA,NA,0.75,0,0,NA,NA,,,NA,NA,FALLEN,,2,8.85,8.85,306,84,"Lilly, Tegan",6/17/2025,NA,EEG,KF,492,1,276,-0.44408566,-0.44408566,0.895984334,10,60,6.069841909,67.92946135
492,594,J7,OXAR,Others (shade tolerant),8.6,11.3,NA,OT,overtop,INT1,NA,NA,NA,0.75,0,0,NA,NA,,,NA,NA,,,,8.8,8.8,310,80,"Lilly, Tegan",6/17/2025,NA,EEG,KF,493,2,280,-0.387809421,-0.387809421,0.92173958,10,60,6.587277097,68.1113083
493,596,J7,RHCA,Others (shade tolerant),6.5,NA,NA,OT,overtop,,NA,2001,NA,0.75,0,0,NA,NA,,,NA,NA,FALLEN,,2,7.27,7.27,329,61,"Lilly, Tegan",6/17/2025,NA,EEG,KF,494,3,299,-0.521576722,-0.521576722,0.853204386,10,60,6.208137234,66.20279588
494,597,J8,CATO,Carya,32,33.4,NA,CD,codom,,NA,1870,NA,0.5,0,0,NA,NA,,G,NA,1,,,1,10.62,10.62,3,27,"Lilly, Tegan",6/17/2025,NA,,,499,3,333,-0.008821166,-0.008821166,0.999961093,10,70,9.906319216,80.61958681
495,598,J8,CATO,Carya,27.1,27.8,NA,CD,codom,,NA,NA,NA,0.5,0,0,NA,NA,,G,NA,1,,,1,12.06,12.06,344,46,"Lilly, Tegan",6/17/2025,NA,EEG,KF,501,5,314,-0.158592906,-0.158592906,0.987344059,10,70,8.087369553,81.90736935
496,602,J8,COFL,Others (shade tolerant),7,8.3,NA,OT,overtop,INT1,NA,1967,NA,0.5,0,0,NA,NA,,,NA,NA,,,,10.68,10.68,1,29,"Lilly, Tegan",6/17/2025,NA,EEG,KF,500,4,331,-0.905591148,-0.905591148,0.424151709,10,70,0.328286537,74.52994025
497,605,J8,COFL,Others (shade tolerant),11,NA,NA,OT,overtop,,NA,NA,NA,0.5,0,0,NA,NA,,,NA,NA,FALLEN,,2,12.74,12.74,355,35,"Lilly, Tegan",6/17/2025,NA,EEG,KF,497,1,325,-0.988036273,-0.988036273,0.154221666,10,70,-2.587582124,71.96478403
498,606,J8,COFL,Others (shade tolerant),9.8,NA,NA,OT,overtop,,NA,NA,NA,1,0,0,NA,NA,,,NA,NA,FALLEN,,2,2.48,2.48,357,33,"Lilly, Tegan",6/17/2025,NA,EEG,KF,502,6,327,0.270934805,-0.270934805,0.9625977,10,70,9.328081683,72.38724229
499,607,J8,QUAL,Quercus,7.4,10.6,NA,OT,overtop,OT,NA,1958,57,1,0,0,NA,NA,,,NA,NA,,,,9.49,9.49,3,27,"Lilly, Tegan",6/17/2025,NA,EEG,KF,498,2,333,-0.008821166,-0.008821166,0.999961093,10,70,9.916287134,79.48963077
500,609,J9,CATO,Carya,10,10.1,NA,OT,overtop,,NA,NA,NA,0.5,0,0,NA,NA,,G,NA,1,,,1,8.97,8.97,322,68,"Lilly, Tegan",6/17/2025,NA,,,505,3,292,0.167325981,-0.167325981,0.985901626,10,80,8.49908595,88.84353758
501,610,J9,CATO,Carya,17.3,18.4,NA,int2,int2,INT2,NA,1939,NA,0.25,0,0,NA,NA,,,NA,NA,,,,11.76,11.76,359,31,"Lilly, Tegan",6/17/2025,NA,,,504,2,329,0.762538949,-0.762538949,0.646942309,10,80,1.032541958,87.60804155
502,612,J9,QUAL,Quercus,5.2,5.9,NA,OT,overtop,OT,NA,1974,41,1,0,0,NA,NA,,,NA,NA,,,,7.44,7.44,26,4,"Lilly, Tegan",6/17/2025,NA,,,503,1,356,-0.841487271,-0.841487271,0.54027694,10,80,3.7393347,84.01966043
